1960,1961,1962,1963,1964,1965,1966,1967,1968,1969,1970,1971,1972,1973,1974,1975,1976,1977,1978,1979,1980,1981,1982,1983,1984,1985,1986,1987,1988,1989,1990,1991,1992,1993,1994,1995,1996,1997,1998,1999,2000,2001,2002,2003,2004,2005,2006,2007,2008,2009,2010,2011,2012,2013,2014,2015,2016,2017,2018,2019,2020,2021,2022,2023,2024,2025,Country Name,Country Code,Indicator Name,Indicator Code,data_country,data_year
,308.7666667,312.8888889,316.6777778,320.1055556,323.2777778,326.0777778,327.7222222,328.1611111,328.0666667,327.5,326.5611111,322.4833333,323.8833333,324.1611111,323.8611111,324.2666667,325.4444444,326.5333333,328.8388889,332.8277778,336.4611111,340.4222222,345.7111111,349.45,342.9333333,332.95,328.6611111,329.6166667,335.7944444,348.6277778,366.0888889,383.3611111,409.3611111,431.0833333,443.3611111,461.2277778,479.45,491.3944444,498.1055556,503.2666667,507.9944444,511.5222222,517.3777778,528.5444444,542.4166667,552.25,556.3888889,560.65,564.4666667,565.7666667,569.95,578.3888889,587.0833333,593.3722222,599.4777778,604.0388889,604.0833333,605.0444444,606.6833333,603.2611111,598.3333333,596.1666667,596.4388889,,,Aruba,ABW,Population density (people per sq. km of land area),EN.POP.DNST,,
,12.03601668,12.36380969,12.70396375,13.06076382,13.43296056,13.81582491,14.21450297,14.63137338,15.06030676,15.50166878,15.95570264,16.41576762,16.90227219,17.41265575,17.92893622,18.45968065,18.98947534,19.56574106,20.18764984,20.80223714,21.4557409,22.15688409,22.86196812,23.56623427,24.28660248,25.02311897,25.78435116,26.54429479,27.30506919,28.09910875,28.88275767,29.66149124,27.74145568,28.48908587,29.23841823,30.02215502,30.80175606,31.61020444,32.45027519,33.30351066,34.17687461,35.07986258,36.01076535,36.52957466,37.51359195,38.52863064,39.57953907,40.67248315,41.80105278,42.95749127,44.12546335,37.69651656,38.74697531,39.80915464,40.89181144,41.98049074,43.09878298,44.28759739,45.50348692,46.74255963,47.99729548,49.25804317,50.51469751,,,Africa Eastern and Southern,AFE,Population density (people per sq. km of land area),EN.POP.DNST,,
,14.12704567,14.41884918,14.72561366,15.04732686,15.3872223,15.74045199,16.10775187,16.49252871,16.89190776,17.31004094,17.73556414,18.17410423,18.64066204,19.11768395,19.58504515,20.02338286,20.45406682,20.86908146,20.93673551,20.19120709,18.30271683,16.85199699,16.73946614,17.15686338,17.51966638,17.50927434,17.45981939,17.66753753,18.20536927,18.46842372,18.76466737,20.35934256,22.9108934,24.91574138,26.16536498,27.23466569,28.29077319,29.37613419,30.49198136,30.86384711,31.09992947,32.77696058,34.85434433,36.12322954,37.41711819,38.9802585,39.72502338,40.60319519,42.11106665,43.36520706,44.99594928,46.8546893,48.48397651,50.27754473,51.87091057,53.20302961,54.71832789,56.3344817,58.04106067,59.90061635,61.3286908,62.21554053,63.55850084,,,Afghanistan,AFG,Population density (people per sq. km of land area),EN.POP.DNST,,
,11.02147707,11.25892392,11.50591439,11.7596274,12.02160916,12.29215118,12.56960011,12.8576692,13.16322002,13.48479105,13.81459049,14.15732387,14.51882402,14.90177213,15.30648457,15.72257605,16.15567325,16.61337872,17.09042294,17.58135086,18.08897298,18.6199231,19.13216273,19.63939561,20.18228235,20.74310109,21.31872022,21.91262998,22.52827075,23.13579271,23.75536272,24.41915888,25.08653748,25.76243807,26.47659936,27.20923149,27.96014805,28.74141931,29.53551634,30.35803778,31.21980404,32.10951969,33.02587394,33.97273778,34.95077251,35.9529144,36.98346356,38.04574454,39.1257498,40.23439305,41.38661906,42.55170157,43.72686634,44.93335467,46.15811483,47.40302528,48.65806509,49.9012073,51.13131691,52.36565654,53.61385854,54.87270773,56.19399271,,,Africa Western and Central,AFW,Population density (people per sq. km of land area),EN.POP.DNST,,
,4.252492981,4.294786236,4.338108607,4.38292051,4.429278094,4.47692789,4.525392637,4.574235181,4.623153124,4.694624208,4.8055683,4.952484158,5.124350686,5.304698003,5.488848159,5.674712441,5.869759365,6.077431619,6.294382771,6.52432181,6.766348761,7.019850806,7.285620438,7.560693832,7.844004171,8.133031202,8.420516564,8.712032566,9.014648271,9.325707869,9.64428411,9.965277934,10.28887062,10.62786877,10.98883292,11.36678672,11.75937515,12.15959734,12.56696479,12.9901893,13.43323013,13.89885217,14.39296703,14.91972648,15.47377958,16.05460736,16.66684928,17.30861875,17.97928371,18.6851889,19.42596615,20.19523061,20.98790407,21.78613058,22.58586508,23.40825379,24.25189621,25.10399856,25.96906393,26.8317414,27.69906874,28.5834836,29.47774605,,,Angola,AGO,Population density (people per sq. km of land area),EN.POP.DNST,,
,60.57664234,62.45689781,64.32923358,66.20930657,68.05806569,69.87492701,71.73715328,73.80554745,75.97427007,77.93718978,79.84864964,81.86591241,83.82306569,85.77094891,87.76755474,89.72722628,91.73525547,93.65934307,95.54131387,97.51813869,99.49109489,101.6159854,103.7941606,106.0010584,108.2029927,110.315146,112.5403285,114.6837956,117.8081387,119.9467883,119.2259124,118.505073,117.7841971,117.0633577,116.3424818,115.6216423,114.9007664,114.179927,113.4590511,112.7382117,111.685146,111.3507299,110.9348905,110.4722263,109.9082847,109.2170438,108.394781,107.5662044,106.8437591,106.314635,106.0290146,104.4054015,102.8066423,101.2323723,99.68222628,98.15580292,96.65273723,95.17273723,93.71536496,92.28029197,90.86722628,89.47576642,88.01671533,,,Albania,ALB,Population density (people per sq. km of land area),EN.POP.DNST,,
,21.8787234,23.58723404,25.35106383,27.15744681,29.00851064,31.11914894,33.69574468,36.54468085,39.4787234,42.50425532,45.6212766,48.84468085,52.17659574,55.59574468,59.09148936,62.62978723,66.16382979,69.64893617,72.99148936,76.13191489,79.08297872,82.47659574,86.30851064,89.94255319,93.24468085,97.30638298,101.3893617,105.1404255,107.7021277,111.9085106,120.5680851,128.0851064,134.6212766,137.4723404,135.9829787,136.1361702,137.6595745,139.1106383,139.8085106,139.7553191,140.1106383,141.5021277,147.8425532,158.1382979,164.7255319,169.3297872,174.206383,177.6489362,178.4851064,171.7148936,165.4957447,163.4765957,159.987234,156.887234,153.5617021,153.5765957,156.9425532,159.9191489,162.7106383,164.6382979,166.7319149,169.5851064,172.0340426,,,Andorra,AND,Population density (people per sq. km of land area),EN.POP.DNST,,
,8.360294838,8.582530332,8.814822743,9.054354827,9.300383937,9.559300735,9.834203273,10.12083725,10.41820386,10.72224542,11.032117,11.35117407,11.68943975,12.04075765,12.41573068,12.81787867,13.22598132,13.66827284,14.15650197,14.65521119,15.13211088,15.60871747,16.10740257,16.62012694,17.13895851,17.66822513,18.20357039,18.71490914,19.22217781,19.86436402,20.32879046,20.85559201,21.44343239,22.0397877,22.6028301,23.16147204,23.72540786,24.30651739,24.89531857,25.50397007,26.12986115,26.76279254,27.39726108,28.04214676,28.7157315,29.41852789,30.16804543,30.9456223,31.72723537,32.36662182,33.12210727,29.08442808,29.84238257,30.55077264,31.31100357,32.04514421,32.6945464,33.28095326,33.91319331,34.63390766,35.1623597,35.97953568,36.80038182,,,Arab World,ARB,Population density (people per sq. km of land area),EN.POP.DNST,,
,1.94295973,2.040918051,2.143213179,2.248549704,2.352900591,2.449676148,2.530273162,2.807885103,3.374542382,4.034581808,4.717361307,5.421205294,6.144733878,6.886609406,7.643705998,8.671726274,10.00012672,11.39501549,12.84159392,14.30160518,15.48655308,16.42312025,17.39376232,18.38912982,19.40173191,20.66154604,22.1662067,23.68048437,25.20206984,26.72796395,28.25437905,29.77654182,31.28827091,32.78214587,34.28135736,36.5751056,39.67065615,42.81077161,45.98717263,49.19142495,52.43016052,55.71424951,59.03206139,62.36225007,65.68276542,70.53083638,79.197902,88.74491692,94.4390031,96.73103351,100.0357364,104.0755843,108.322036,113.4812729,119.7583357,125.8109687,129.8679949,131.6066038,133.0017601,132.3716981,134.8233174,141.8611236,147.6168826,,,United Arab Emirates,ARE,Population density (people per sq. km of land area),EN.POP.DNST,,
,7.573483296,7.700009135,7.827596476,7.954665307,8.080063507,8.204763053,8.330888409,8.459337009,8.590198744,8.72525825,8.863703233,9.005158787,9.15193354,9.303703013,9.454526088,9.603675608,9.756971012,9.914224117,10.07380997,10.23557509,10.40087076,10.56906774,10.73973742,10.91212121,11.0850849,11.25884919,11.4341639,11.61276286,11.79196328,11.9691675,12.14251304,12.31178065,12.47957094,12.64794003,12.81475797,12.97691481,13.13549982,13.29082212,13.44495796,13.59817298,13.7482963,13.89611136,14.04042182,14.18352682,14.33000778,14.4781159,14.62232222,14.77118271,14.92855639,15.08709207,15.24858862,15.40610044,15.55983871,15.72120737,15.88671424,16.04139051,16.18337992,16.31711374,16.43352554,16.51336651,16.55733057,16.59227169,16.63995593,,,Argentina,ARG,Population density (people per sq. km of land area),EN.POP.DNST,,
,,,,,,,,,,,,,,,,,,,,,,,,,,,,,,,,125.4605198,121.2972251,118.1808922,116.1777661,115.1645592,114.0249034,112.6940991,111.2499473,113.1401475,112.8134879,112.3919916,111.7843344,111.1661398,110.516333,109.8384264,109.14647,108.4334387,107.6923077,106.9476642,106.3540569,106.2205831,106.1468212,105.8587987,105.5356516,105.1036178,104.6505093,104.2852125,104.056902,105.0273766,105.0569403,105.2970532,105.1191087,,,Armenia,ARM,Population density (people per sq. km of land area),EN.POP.DNST,,
,103.33,106.49,109.83,113.365,117.03,120.68,124.315,128.07,131.875,135.13,137.665,139.975,142.18,144.375,146.95,149.795,152.605,155.38,158.055,162.015,167.92,174.545,181.355,188.335,195.515,202.855,210.36,218.075,225.955,233.2,239.41,245.19,250.795,256.255,261.58,266.765,271.81,276.67,281.24,284.275,285.265,285.31,284.855,284.09,283.085,281.87,280.565,279.14,277.64,276.14,274.475,272.445,270.03,267.33,264.39,261.225,257.93,254.54,251.045,248.805,246.125,241.71,237.605,,,American Samoa,ASM,Population density (people per sq. km of land area),EN.POP.DNST,,
,128.5,130.3090909,132.1318182,134.1363636,136.2954545,138.4090909,140.5386364,142.7477273,145.0431818,146.6545455,147.1113636,146.8522727,146.2318182,145.5863636,145.0886364,144.9136364,145.1409091,145.5409091,146.0772727,146.6204545,146.9659091,147.2386364,147.5772727,147.4590909,146.7977273,146.0818182,145.3318182,144.5977273,143.9204545,143.3318182,144.0613636,146.3727273,149.0613636,151.9159091,154.975,158.2090909,161.4840909,164.5727273,167.4227273,170.2545455,172.8840909,175.0727273,177.0090909,178.9068182,180.9340909,183.1909091,185.6909091,188.4363636,191.3022727,193.9090909,196.2090909,198.3181818,200.1454545,201.7386364,203.2022727,204.475,205.6090909,206.65,207.6454545,208.7409091,209.8840909,211,212.0818182,,,Antigua and Barbuda,ATG,Population density (people per sq. km of land area),EN.POP.DNST,,
,1.364565299,1.398279161,1.425354386,1.453601135,1.482368561,1.516603101,1.535868164,1.563203728,1.596266743,1.628028065,1.684000885,1.715241529,1.741665907,1.786313995,1.808442784,1.826666493,1.84736342,1.868971532,1.889277951,1.912448095,1.942551059,1.976523567,2.003758249,2.027959205,2.055154316,2.085098213,2.117057912,2.151981047,2.188721607,2.221356625,2.249851737,2.275182563,2.2955115,2.317726202,2.343683793,2.37230608,2.398114757,2.42213712,2.448780183,2.476966794,2.508975307,2.53767882,2.567035523,2.594629473,2.626406675,2.662088958,2.711118025,2.765994429,2.823588378,2.867858584,2.90798641,2.95920037,3.010573526,3.055814795,3.100112596,3.144935531,3.197156014,3.245344916,3.293650563,3.334526951,3.339228447,3.382560238,3.465919485,,,Australia,AUS,Population density (people per sq. km of land area),EN.POP.DNST,,
,85.87371546,86.40164809,86.95844644,87.54000242,88.11062773,88.73080465,89.3964857,89.86188803,90.172746,90.4881968,90.89289869,91.42269753,91.93062288,92.08722734,91.84322588,91.68110761,91.7163112,91.64208677,91.48600339,91.48610034,91.71970431,91.78550654,91.63730005,91.63153175,91.67456374,91.73284052,91.79091129,91.9209525,92.33600339,93.04229278,93.97589675,95.01586282,95.80262967,96.17205526,96.31941348,96.44955162,96.55890693,96.6649176,96.85317499,97.08635482,97.45871304,97.93937227,98.41763209,99.03012603,99.70708919,100.2016602,100.5269874,100.8421716,101.1066772,101.3500242,101.6922322,102.1569438,102.7608216,103.5670868,104.7345977,105.8733398,106.6113185,107.1318589,107.6093068,108.0570044,108.5288051,109.5716311,110.6611852,,,Austria,AUT,Population density (people per sq. km of land area),EN.POP.DNST,,
,,,,,,,,,,,,,,,,,,,,,,,,,,,,,,,,88.70843698,90.06332841,91.28603531,92.34711657,93.28622757,94.19048992,95.23179127,96.52076658,97.43477998,98.19379207,98.9124646,99.62372356,100.4753726,101.5225018,102.6725317,103.8533687,106.0597625,108.2912905,109.5423442,110.9763362,112.4607902,113.9234808,115.3488139,116.7310768,118.033289,119.2087416,120.2575919,121.2800711,122.1247368,122.6588022,122.7072716,122.8549062,,,Azerbaijan,AZE,Population density (people per sq. km of land area),EN.POP.DNST,,
,110.4018302,113.2376558,115.648014,118.989486,122.3273754,125.3099688,128.5315421,131.6350078,134.5245327,137.4778816,140.8601636,140.8538941,140.6538551,144.2207944,147.8431464,151.1926012,155.1239097,159.6704829,163.6888629,170.7050623,177.8042835,182.2971184,187.2479751,191.8405374,196.0296729,199.7435358,204.3530763,208.9301791,213.0726636,217.5643302,222.1128115,228.1311137,221.0608645,222.5021028,236.2272586,236.3904206,236.372352,240.9309969,246.7739486,251.954595,258.3475467,265.7372274,274.2661215,284.682866,295.4555685,306.290771,317.8299844,331.2163941,348.4285826,365.126324,378.4259346,392.1739875,406.5163941,420.5523754,430.2017134,437.6733255,448.0826324,461.816433,477.2327103,491.3176012,504.8863318,518.7343069,533.078271,,,Burundi,BDI,Population density (people per sq. km of land area),EN.POP.DNST,,
,,,,,,,,,,,,,,,,,,,,,,,,,,,,,,,,,,,,,,,,337.9570105,339.1214189,340.6450071,342.0740777,343.5577424,345.4527083,347.7387004,350.3016517,353.079913,355.932252,359.1990901,363.9028121,366.1666172,367.8965813,369.5334125,371.6808756,373.5674678,375.0093298,374.7435149,376.761986,378.3893225,379.9499902,383.0330557,386.3037319,,,Belgium,BEL,Population density (people per sq. km of land area),EN.POP.DNST,,
,22.69619546,23.09913977,23.52703086,23.9801614,24.45846045,24.95846932,25.47886662,26.02214438,26.58941114,27.18213019,27.80034587,28.44575204,29.1193331,29.82115112,30.55522348,31.32490245,32.13197943,32.97539021,33.86420717,34.81066868,35.81329372,36.86232707,37.94765874,39.07320858,40.24487407,41.46346222,42.73222774,44.05233239,45.42086733,46.83823164,48.30553388,49.82124867,52.08146506,54.06621142,55.22147038,56.68550905,58.38386839,60.21185704,62.10374246,64.04415573,66.0304718,68.06869457,70.17621497,72.3580525,74.72635686,77.09508691,79.40731642,81.84166371,84.33330082,86.88793899,89.51421603,92.21050905,94.97014899,97.81841078,100.7509844,103.7410607,106.7735012,109.8203884,112.8658656,115.9113959,118.9554541,122.024663,125.1421958,,,Benin,BEN,Population density (people per sq. km of land area),EN.POP.DNST,,
,17.72011696,17.98125731,18.25154605,18.53448099,18.83345395,19.14449196,19.4676462,19.80498538,20.15050073,20.50549708,20.86256944,21.22527047,21.60792032,22.02084795,22.46918494,22.95553728,23.4968348,24.0898538,24.72186769,25.39437135,26.09748173,26.82820541,27.5991557,28.40736842,29.23952851,30.07619518,30.91048611,31.75232091,32.60663377,33.47717836,34.33710526,35.19471857,36.08082237,37.00218567,37.9631652,38.94715643,39.96426535,41.08429825,42.30602339,43.58752193,44.93786915,46.34830775,47.81627193,49.34405336,50.92150219,52.5354788,54.15316886,55.76788377,57.41983187,59.12462719,60.89878655,62.76420687,64.67620249,66.62814693,68.63116594,70.66833333,72.71347588,74.70134503,76.61532164,78.50398392,80.39197003,82.26987573,84.15853801,,,Burkina Faso,BFA,Population density (people per sq. km of land area),EN.POP.DNST,,
,409.5440424,421.6113237,434.081601,446.9414919,460.1868249,473.7635861,487.9075747,502.4834908,516.9711377,530.5284935,539.8844434,550.3688945,566.3539525,582.6177153,598.0974956,613.4694476,628.9257433,644.4622801,660.1757087,676.1652608,693.7320811,713.0253284,732.3896059,751.4401629,770.1761158,788.4733195,806.3247369,823.6614274,840.6990781,857.5994238,874.1423446,890.7750787,907.5236998,924.5077898,941.8481217,959.2239302,977.1688484,995.7926711,1014.888722,1033.604548,1050.978029,1067.324714,1082.971122,1097.817131,1111.744534,1124.728993,1136.892356,1148.300407,1159.051348,1169.255443,1179.926834,1191.289091,1202.520865,1213.527917,1224.423285,1235.399339,1245.956419,1256.227264,1266.905239,1277.544934,1287.999186,1300.360026,1319.179797,,,Bangladesh,BGD,Population density (people per sq. km of land area),EN.POP.DNST,,
,71.79895146,72.43013649,73.01947935,73.61782518,74.15861882,74.64572901,75.11729187,75.65400886,76.23765706,76.73844346,77.16166501,77.52146796,77.92612311,78.44838651,78.82800325,79.17019796,79.58223809,79.67126458,79.77890265,80.10065082,80.36804664,80.60613758,80.80753864,80.99682726,80.9956341,80.9741571,81.09336527,81.18454307,80.24018801,78.80583024,78.0291693,77.19573353,76.58241887,76.32279671,75.98361204,75.59275061,75.13394197,74.63424026,74.2169755,73.85132423,72.3957516,72.03272978,71.48411327,70.95310776,70.4986377,69.97166529,69.47185342,68.98592211,68.57445652,68.12453021,67.68909359,67.2981577,65.95435704,65.15817981,64.33516028,63.50533346,62.67011791,61.81648858,60.94994473,60.34170965,59.94197679,59.55321481,59.38279293,,,Bulgaria,BGR,Population density (people per sq. km of land area),EN.POP.DNST,,
,249.7768116,259.926087,270.2913043,280.8927536,291.1101449,300.7869565,310.4188406,317.8797101,322.4188406,325.8101449,334.3956522,350.8884058,370.0289855,389.9101449,410.4971014,431.6855072,453.3666667,475.4289855,497.7637681,520.257971,541.3391304,560.8449275,580.7347826,601.6724638,623.7072464,646.7913043,670.8028986,695.5492754,720.7637681,746.0826087,729.0608696,727.4056338,746.7957746,766.7126761,787.1535211,808.1577465,829.7394366,851.8901408,874.6323944,898.0028169,931.4309859,1000.778873,1061.829167,1128.412329,1201.110811,1297.87027,1385.726667,1451.968421,1550.546053,1612.261155,1558.044329,1570.083117,1627.520779,1705.009079,1761.339332,1827.632863,1924.507692,1931.993573,1902.251282,1875.419108,1904.259494,1929.991139,1971.32375,,,Bahrain,BHR,Population density (people per sq. km of land area),EN.POP.DNST,,
,12.20749251,12.83646354,13.4952048,14.13866134,14.78041958,15.47192807,16.21048951,16.99190809,17.78031968,18.47972028,19.06663337,19.58591409,20.05904096,20.51368631,20.96763237,21.42867133,21.89380619,22.35374625,22.8001998,23.22937063,23.63776224,24.03736264,24.44535465,24.86143856,25.29010989,25.72787213,26.16733267,26.61818182,27.09070929,27.56693307,28.04505495,28.56413586,29.1047952,29.62127872,30.11598402,30.5962038,31.05934066,31.50529471,31.92947053,32.35114885,32.75084915,33.12827173,33.52827173,33.94425574,34.35504496,34.8026973,35.2981019,35.77622378,36.24475524,36.71108891,37.13576424,37.50939061,37.85744256,38.19160839,38.4961039,38.76673327,39.00949051,39.23246753,39.42807193,39.54675325,39.5977023,39.71408591,39.9040959,,,"Bahamas, The",BHS,Population density (people per sq. km of land area),EN.POP.DNST,,
,,,,,,,,,,,,,,,,,,,,,,,,,,,,,,,,82.70734375,76.25941406,72.76195313,72.56960937,75.68839844,78.48099609,79.87023437,80.67001953,81.24552734,81.62964844,81.79691406,81.61177734,80.87865234,80.00962891,79.36078125,78.3871875,77.10046875,75.77722656,74.4428125,73.08199219,71.68189453,70.52458984,69.62556641,68.72150391,67.83208984,66.96644531,66.15234375,65.34244141,64.44041016,63.37708984,62.59378906,62.20845703,,,Bosnia and Herzegovina,BIH,Population density (people per sq. km of land area),EN.POP.DNST,,
,,,,,,,,,,,,,,,,,,,,,,,,,,,,,,,,50.34529488,50.4655186,50.40938396,50.24859022,50.08315833,49.87519657,49.65741092,49.43297754,49.19747791,48.9467226,48.639731,48.30124836,47.97547519,47.64468799,47.33728266,47.12127096,46.95855635,46.84414336,46.74096855,46.62975211,46.5593029,46.53937252,46.55060033,46.61133719,46.64994482,46.59875953,46.50105922,46.41075062,46.21121293,45.83683173,45.46071728,45.21707729,,,Belarus,BLR,Population density (people per sq. km of land area),EN.POP.DNST,,
,4.104866287,4.210521701,4.327224901,4.454318281,4.588996054,4.730644454,4.878211311,5.029066199,5.174923279,5.293117054,5.383822885,5.465848312,5.543402017,5.619684349,5.716220956,5.835116177,5.95734327,6.0812363,6.211223148,6.359579132,6.522840859,6.687768523,6.85212626,7.016396317,7.180885577,7.345637878,7.511530031,7.679964928,7.85212626,8.026128891,8.199912319,8.372775099,8.544585708,8.728496274,8.949846559,9.220078913,9.532924156,9.871679088,10.21740465,10.5567295,10.88903989,11.22354231,11.56422622,11.91091626,12.26352477,12.62069268,12.98114862,13.34331434,13.70512933,14.03967558,14.34888207,14.6608505,14.97707146,15.29693117,15.62178869,15.98882069,16.36133275,16.66926786,16.91490574,17.13336256,17.33213503,17.65598422,18.02306006,,,Belize,BLZ,Population density (people per sq. km of land area),EN.POP.DNST,,
,798.5740741,819.2407407,839.6296296,859.4444444,878.9074074,898.7777778,916.9259259,933.4074074,950.1111111,965.2592593,974.2037037,977.8333333,980.4814815,982.5185185,983.8703704,985.3703704,987.4444444,989.462963,991.0555556,993.9444444,999.9444444,1007.166667,1014.388889,1021.648148,1028.648148,1034.981481,1041.944444,1049.981481,1057.944444,1065.907407,1073.777778,1081.611111,1089.185185,1096.185185,1102.333333,1107.648148,1114.388889,1122.944444,1131.925926,1139.814815,1145.685185,1150.777778,1155.296296,1158.425926,1161.314815,1163.592593,1166.851852,1172.222222,1177.12963,1180.092593,1180.240741,1178.62963,1177.296296,1176.462963,1175.259259,1174.981481,1177.37037,1182.055556,1187.166667,1192.259259,1197.185185,1199.055556,1198.111111,,,Bermuda,BMU,Population density (people per sq. km of land area),EN.POP.DNST,,
,3.488166713,3.560872335,3.63603157,3.713649035,3.793774578,3.876626973,3.962496077,4.051457583,4.143110865,4.237062679,4.333372104,4.431808363,4.532631773,4.636273424,4.742489615,4.852299455,4.965536786,5.080885258,5.197866704,5.316071264,5.43534478,5.555329087,5.676230038,5.79882581,5.922814548,6.048628265,6.177570387,6.309893843,6.444905382,6.581872058,6.720473553,6.858982738,6.996395274,7.133132096,7.269155359,7.404907228,7.539831995,7.674138281,7.809291978,7.944545371,8.079697221,8.215965107,8.354749377,8.496526355,8.640961876,8.789521831,8.941161267,9.093379489,9.246076802,9.399376904,9.553151482,9.707197452,9.861172344,10.0146663,10.16773285,10.32033601,10.47224868,10.6234358,10.77391858,10.90768854,11.0194406,11.14848518,11.30264839,,,Bolivia,BOL,Population density (people per sq. km of land area),EN.POP.DNST,,
,8.926082478,9.19646273,9.471513399,9.749608765,10.02825784,10.30604405,10.58203428,10.85663078,11.13235445,11.41110953,11.69390235,11.98194778,12.27557519,12.5733327,12.87601847,13.18634876,13.50483385,13.83094109,14.1635365,14.50172658,14.84338728,15.18557418,15.52858375,15.87181646,16.21360674,16.5510951,16.88233794,17.20793825,17.52817876,17.84406854,18.15287325,18.45806352,18.75950594,19.05507757,19.35060588,19.64582419,19.94004156,20.23891141,20.53585403,20.82021622,21.09335366,21.35684303,21.61039274,21.85595635,22.09679438,22.33189513,22.5591244,22.77627582,22.98118373,23.17524342,23.36461629,23.55501475,23.74670668,23.93895376,24.12923593,24.31379637,24.49150708,24.65946502,24.82076862,24.96498527,25.07140273,25.16186795,25.26168849,,,Brazil,BRA,Population density (people per sq. km of land area),EN.POP.DNST,,
,542.2046512,547.0325581,552.4581395,558.0418605,563.7604651,569.7581395,574.6302326,578,580.1023256,579.9697674,579.4604651,580.6,582.144186,583.2023256,584.127907,584.7488372,585.1767442,585.0023256,584.3465116,584.9395349,586.6744186,588.5930233,590.6790698,592.8372093,594.9302326,596.7860465,598.3232558,599.4488372,600.2534884,601.3534884,603.1930233,605.272093,607.0395349,608.4186047,609.3930233,609.9627907,610.2139535,610.3162791,610.5046512,609.4488372,610.2906977,614.2976744,618.0837209,621.6232558,624.8976744,627.9116279,630.9023256,634.2186047,637.4953488,640.1,642.1837209,644.0418605,645.7325581,647.3209302,648.8139535,650.227907,651.5604651,652.8162791,653.9697674,655.1116279,656.155814,656.5534884,656.5953488,,,Barbados,BRB,Population density (people per sq. km of land area),EN.POP.DNST,,
,17.55540797,18.35275142,19.19525617,20.09905123,21.03187856,21.98747628,22.96337761,23.95104364,24.94231499,25.64288425,26.17096774,26.98083491,27.96375712,28.96698292,29.9943074,31.04497154,32.12087287,33.18481973,34.23567362,35.31518027,36.42827324,37.60246679,38.85028463,40.16337761,41.54060721,42.97817837,44.37571157,45.71404175,47.07096774,48.44250474,49.828463,51.2028463,52.55616698,53.90721063,55.25521822,56.59886148,57.93946869,59.27609108,60.60929791,61.94003795,63.25332068,64.53491461,65.77552182,66.96603416,68.10550285,69.19601518,70.3743833,71.68747628,73.0459203,74.44629981,75.78538899,76.95578748,78.02694497,79.07969639,80.11612903,81.1316888,82.1199241,83.07590133,84,84.89639469,85.71555977,86.40796964,87.08709677,,,Brunei Darussalam,BRN,Population density (people per sq. km of land area),EN.POP.DNST,,
,4.935513559,5.086060399,5.247008968,5.414613788,5.590394452,5.77488603,5.968195535,6.170644008,6.382595296,6.603343107,6.831988528,7.068552961,7.313421655,7.566680222,7.828927937,8.100721272,8.382145838,8.673308649,8.972026625,9.276031077,9.584915352,9.898444021,10.21894998,10.5469255,10.88097939,11.22196777,11.56939837,11.92102391,12.27630931,12.61235366,12.83701817,12.36594397,11.87151938,13.93208543,13.76856784,13.78854271,14.03761307,14.30741206,14.63766332,14.99655779,15.34658291,15.68866834,16.02168342,17.06703046,17.36403704,17.59842065,17.80415563,18.00642758,18.20678437,18.40732482,18.61051499,18.81782407,19.02754676,19.23391138,19.43012304,19.60638633,19.77598049,19.92026744,20.05306765,20.1889355,20.33146303,20.47493445,20.61837965,,,Bhutan,BTN,Population density (people per sq. km of land area),EN.POP.DNST,,
,0.931558238,0.953162882,0.975713303,0.999181268,1.013999612,1.019649569,1.025061317,1.030413071,1.035883048,1.041649463,1.059553932,1.098242549,1.151179574,1.209478941,1.271116758,1.338393944,1.410855257,1.498489581,1.591131579,1.654200413,1.711566354,1.780863903,1.845917809,1.912127468,1.979681683,2.047976991,2.115940571,2.180008117,2.24140949,2.303911916,2.367540098,2.435080197,2.505805234,2.576223246,2.644709121,2.710133573,2.7732624,2.835387221,2.897317947,2.959755086,3.021287033,3.078649445,3.133301572,3.18872479,3.246478923,3.307599739,3.37233074,3.440738976,3.512559773,3.587441992,3.65877049,3.720672984,3.777251954,3.832590475,3.887694317,3.943281633,3.99969474,4.056854234,4.114980679,4.174640481,4.237363471,4.305210594,4.376412048,,,Botswana,BWA,Population density (people per sq. km of land area),EN.POP.DNST,,
,2.784326945,2.838156923,2.894255032,2.952876497,3.014308646,3.078882147,3.14688112,3.218562394,3.293067193,3.366889788,3.437429773,3.505359723,3.573161257,3.642714052,3.714270121,3.769889884,3.808998684,3.849178144,3.890644965,3.933569296,3.978301069,4.02480818,4.073002344,4.123101865,4.174984751,4.228479245,4.284495489,4.356423962,4.468795146,4.609955376,4.756478539,4.909998716,5.068925166,5.22962856,5.374252785,5.515369675,5.669042345,5.824949437,5.986468265,6.153353238,6.291513371,6.430506597,6.586224277,6.730273845,6.884346207,7.026837138,7.163584706,7.318026261,7.269971749,7.212101512,7.327716781,7.40127773,7.451955119,7.421076118,7.430928762,7.566315131,7.694486179,7.831161514,7.937177759,8.068682783,8.205881409,8.183310861,8.270604193,,,Central African Republic,CAF,Population density (people per sq. km of land area),EN.POP.DNST,,
,2.037902692,2.076160074,2.115198219,2.155463277,2.194836034,2.23610493,2.276704601,2.313735069,2.345411735,2.378426852,2.449591382,2.478193069,2.508677845,2.543945128,2.58134434,2.615534282,2.646322551,2.672797105,2.699381078,2.73441759,2.768352668,2.801482334,2.829311958,2.856148117,2.88236647,2.911161229,2.94978925,2.988285991,3.042385498,3.088601866,3.127225314,3.164461458,3.199428482,3.234663084,3.268308165,3.302651359,3.335636361,3.363434308,3.390885151,3.42261134,3.459990363,3.497728426,3.529322777,3.562376486,3.596275538,3.632911275,3.668345976,3.708322375,3.751015717,3.792935211,3.830112798,3.871847252,3.912848123,3.952229134,3.982392458,4.027710725,4.076148363,4.134989443,4.195875007,4.241621355,4.351026204,4.431842252,4.556884181,,,Canada,CAN,Population density (people per sq. km of land area),EN.POP.DNST,,
,125.0934152,126.1509725,127.2769412,128.4647764,129.4501248,130.408583,131.6269294,132.7691041,133.7492438,134.4671315,135.1481329,136.1273429,137.1521506,138.2742373,139.5230403,140.7686656,141.9072787,142.871827,143.7215009,144.5274713,145.3271908,146.1444482,146.9162398,147.6491209,148.3277057,148.9868492,149.6275131,150.1590493,150.5170756,150.4375907,150.0434187,112.4048502,99.58932701,99.56642266,99.42582673,99.20141491,99.02113051,98.85581076,98.69438851,98.14558055,97.43263476,96.94538924,96.63579463,96.36113319,96.11156771,95.86997537,95.52262775,95.18263316,94.91405607,94.57237703,94.3426815,94.13488191,93.71889416,93.39541399,93.1179707,92.82475889,92.60473418,92.36920843,92.18545567,91.5975669,90.68775879,90.57080105,90.65809669,,,Central Europe and the Baltics,CEB,Population density (people per sq. km of land area),EN.POP.DNST,,
,137.4796094,141.0092846,144.0560362,146.4589152,148.1600891,149.7167071,151.583308,153.5041996,155.241525,156.3670563,157.1898148,158.3929367,159.5665604,160.4281775,160.3580247,159.4440397,158.9044222,158.9186905,159.2352748,159.8688143,160.7457972,161.6877707,162.3825569,162.9664101,163.6870723,164.5407733,165.5771973,166.7982406,168.151991,169.8872506,172.0235218,173.9302591,175.5211486,176.9255639,178.111454,178.905302,179.3423102,179.8815358,180.74705,181.7712317,182.9307258,184.3254821,185.7038566,186.9906177,188.1981564,189.3887944,191.0948546,193.5413607,195.9777672,198.0326587,200.2498644,202.390548,204.7343366,207.2507514,209.6266208,211.9315721,213.9184801,215.5000945,217.0427817,218.6344696,220.314541,222.1505997,224.9786191,,,Switzerland,CHE,Population density (people per sq. km of land area),EN.POP.DNST,,
,564.5555556,570.469697,576.9393939,583.6414141,590.2979798,596.8989899,603.5606061,610.0656566,616.3585859,622.6666667,629.0656566,635.1717172,640.7727273,645.9242424,650.4090909,653.489899,655.1818182,656.469697,657.6767677,658.8989899,662.010101,667.5353535,673.8030303,680.4393939,687.2474747,694.0050505,700.7222222,707.520202,714.6515152,722.6616162,728.6313131,730.9747475,732.2424242,733.1464646,733.5707071,735.1767677,738.4545455,741.9494949,745.2222222,748.030303,751.7676768,756.9747475,762.4242424,767.8737374,773.3636364,778.8585859,784.3888889,789.9393939,795.510101,801.1161616,806.5959596,811.9545455,817.0555556,821.8484848,825.5252525,827.6919192,829.8939394,833.0757576,836.5606061,839.5707071,842.1262626,,,,,Channel Islands,CHI,Population density (people per sq. km of land area),EN.POP.DNST,,
,11.19629283,11.42796679,11.66075435,11.89259507,12.12178897,12.34879198,12.57368748,12.79664628,13.01932129,13.24131846,13.46236746,13.68425031,13.90708403,14.12960975,14.35252148,14.57671089,14.80167498,15.02651533,15.25123196,15.47821748,15.70708053,15.93773234,16.17433816,16.41857109,16.67080099,16.93123363,17.20188237,17.48334167,17.77328346,18.07208836,18.37512172,18.67381229,18.96660265,19.2543912,19.53833998,19.81629035,20.08310873,20.34586138,20.60343469,20.85133525,21.09371083,21.32783122,21.55220219,21.77084779,21.98799514,22.2037451,22.42214323,22.64729427,22.87693199,23.10790121,23.33701307,23.56202423,23.78782083,24.08603242,24.3333484,24.60938546,25.00228887,25.45268489,25.84400417,26.07673523,26.19211804,26.32229828,26.4647249,,,Chile,CHL,Population density (people per sq. km of land area),EN.POP.DNST,,
,70.33579208,70.91523979,72.67967939,74.38606769,76.17873406,78.3319575,80.37174127,82.4978031,84.78949751,87.16374191,89.59124437,91.82009427,93.94083029,95.90179213,97.61084334,99.13295875,100.4931697,101.8469896,103.2146566,104.5173488,105.8647778,107.435358,108.9990147,110.4385801,111.9527068,113.6303358,115.4672063,117.3413575,119.154262,120.9155061,122.576625,124.0880888,125.522861,126.9496445,128.3366211,129.6889829,131.0231002,132.2863841,133.4367607,134.492481,135.4730488,136.3837796,137.2359193,138.0534367,138.8677661,139.6453429,140.3765881,141.0977052,141.8012441,142.4877434,143.2685098,144.243669,145.2076439,146.1258167,146.9779493,147.8226414,148.7200435,149.4171945,149.9481797,150.3055428,150.4397537,150.4200481,150.2640013,,,China,CHN,Population density (people per sq. km of land area),EN.POP.DNST,,
,11.98160692,12.4432044,12.93100943,13.44010063,13.96973899,14.5205,15.09353459,15.69188994,16.32773899,17.01750629,17.77002516,18.58401258,19.44950943,20.35866981,21.30911006,22.19483648,23.025,23.90921384,24.84989623,25.85130189,26.90753459,28.01237736,29.15957233,30.34753459,31.57384591,32.83307233,34.12413522,35.45656918,36.85462579,38.33263522,39.88638365,41.51040881,43.19481447,44.92830503,46.71561321,48.56072956,50.46279874,52.4023522,54.13816038,55.65724528,57.16639308,58.66280189,60.14321384,61.61949686,63.10835849,64.61258491,66.13383019,67.65546855,69.17591195,70.71718553,72.27044025,73.79584277,75.28231132,77.13017296,79.39101258,81.72768868,84.06720755,86.3653239,88.65726101,90.92908491,93.20671698,95.5817673,98.00520126,,,Cote d'Ivoire,CIV,Population density (people per sq. km of land area),EN.POP.DNST,,
,11.08348247,11.29364727,11.54327812,11.80059021,12.06804595,12.34857524,12.64478856,12.95902985,13.29242453,13.64429143,14.01368281,14.39967845,14.80116773,15.21775084,15.64832561,16.07319921,16.49320091,16.94891371,17.4306467,18.00727507,18.65070974,19.09982442,19.49482135,20.04416661,20.650568,21.28227031,21.9389245,22.60364283,23.27588797,23.97203571,24.6814749,25.39898246,26.13257811,26.87673838,27.62479321,28.37840748,29.14094053,29.92291257,30.72738042,31.54710287,32.38664297,33.26675552,34.18658374,35.13885257,36.12065325,37.12721753,38.18386749,39.292708,40.43488397,41.60704449,42.80066849,44.02176599,45.27591124,46.6668634,48.15513528,49.61638425,51.04313638,52.47695839,53.95717247,55.44743712,56.93926086,58.45607455,60.02133866,,,Cameroon,CMR,Population density (people per sq. km of land area),EN.POP.DNST,,
,6.908702499,7.091031958,7.281532829,7.479026488,7.687436095,7.909807459,8.143967711,8.386312168,8.632559935,8.882660726,9.128854238,9.373926468,9.628223903,9.889009065,10.15465076,10.42060431,10.68748418,11.02432192,11.41870801,11.78231578,12.13052866,12.50002867,12.90265455,13.34116186,13.79096888,14.23223837,14.68820891,15.16629629,15.65332304,16.18140888,16.72914889,17.30394566,17.93358594,18.80279482,19.59979004,19.98020511,20.30387596,20.86305992,21.5756031,22.27892724,22.99580777,23.70945678,24.41228336,25.14181028,25.92608191,26.73779052,27.5590534,28.40284246,29.29447696,30.24328444,31.25176375,32.31274917,33.43084405,34.58381685,35.74492446,37.03333186,38.41264992,39.72018438,40.99929071,42.34136786,43.73477956,45.16749432,46.66404843,,,"Congo, Dem. Rep.",COD,Population density (people per sq. km of land area),EN.POP.DNST,,
,3.175370425,3.25966325,3.347768668,3.440163982,3.536983895,3.638459736,3.74433675,3.855106881,3.971250366,4.092644217,4.219733529,4.352761347,4.491010249,4.633385066,4.76436896,4.882064422,5.000199122,5.118855051,5.237259151,5.355739385,5.475136164,5.594231332,5.71104246,5.855133236,6.030193265,6.209669107,6.393771596,6.581707174,6.774693997,6.970893119,7.171973646,7.377642753,7.599191801,7.827654466,8.051130307,8.277554905,8.4564041,8.644395315,8.881036603,9.22795022,9.582831625,9.811920937,10.09005271,10.44086091,10.82399122,11.2369224,11.65572474,12.04543777,12.53651245,13.06673499,13.49845974,13.88125915,14.22283748,14.57065886,14.92703075,15.29293119,15.66913909,16.05598243,16.44703075,16.84565447,17.25383016,17.67233968,18.10508053,,,"Congo, Rep.",COG,Population density (people per sq. km of land area),EN.POP.DNST,,
,14.50671744,14.96081929,15.42480667,15.89672014,16.37589004,16.85686165,17.33719513,17.81594953,18.28926724,18.75780261,19.21504822,19.66612258,20.12201352,20.57996305,21.0406886,21.50410996,21.98602434,22.48791077,22.99740964,23.52816404,24.07685174,24.64022623,25.2259333,25.81585399,26.37987382,26.93024966,27.4893799,28.05815593,28.64017936,29.23845786,29.8317909,30.42863542,31.04233709,31.66057684,32.27098873,32.86412348,33.45754754,34.06233889,34.65963317,35.23202704,35.79023164,36.34491212,36.89718702,37.44314646,37.97113745,38.47776836,38.96834069,39.44011537,39.90224516,40.35810635,40.79280216,41.20397476,41.59674087,41.96974223,42.33433078,42.75575665,43.38087247,44.18608833,44.982411,45.63316539,46.13625327,46.63176566,47.15741505,,,Colombia,COL,Population density (people per sq. km of land area),EN.POP.DNST,,
,108.1144546,109.9957012,111.8672757,113.7259538,115.5115529,117.4975819,120.2896292,123.7205803,127.351424,131.2117141,135.3385277,139.751209,144.4492208,149.4223536,154.5900054,159.8807093,165.2761956,170.7082214,176.1370231,181.4728641,186.6641591,191.9070392,197.3310048,202.9215476,208.6792047,214.5717356,220.5475551,226.5916174,232.7259538,238.9016658,244.7909726,249.9263837,254.5308974,259.0768404,263.6141859,268.192907,272.8516926,277.5910801,282.5824825,288.0601827,294.0462117,300.3347663,306.1783987,312.0386889,318.4723267,324.9613111,331.5029554,338.1552929,344.9473401,351.8731865,358.9768941,366.2708221,374.0956475,382.3229447,390.4793122,398.5711983,406.5926921,414.6104245,422.6641591,431.0386889,439.6421279,448.2471789,456.9516389,,,Comoros,COM,Population density (people per sq. km of land area),EN.POP.DNST,,
,53.37146402,55.06674938,56.91637717,58.81042184,60.75831266,62.77320099,64.86451613,67.0382134,69.29230769,71.43548387,72.96426799,73.79305211,74.41215881,75.07940447,75.89255583,76.78784119,77.62630273,78.4483871,79.27543424,80.2235732,81.35136476,82.5617866,83.78511166,84.98883375,86.19478908,87.42233251,88.66054591,89.90794045,91.2662531,93.15831266,95.43076923,97.62158809,99.74317618,101.7935484,103.7478908,105.6032258,107.3940447,109.1275434,110.7987593,112.4856079,114.2166253,115.8923077,117.4647643,118.9503722,120.3759305,121.7687345,123.1240695,124.4057072,125.5933002,126.4972705,126.9099256,127.0359801,127.1029777,127.1280397,127.1449132,127.1846154,127.2687345,127.398263,127.5692308,127.7119107,128.2007444,128.9679901,129.61067,,,Cabo Verde,CPV,Population density (people per sq. km of land area),EN.POP.DNST,,
,26.98629064,27.99539757,29.01692127,30.04230317,31.06556992,32.08217783,33.08897376,34.0722875,35.04261653,36.01545241,36.98666275,37.96020368,38.94130435,39.9460047,40.98548766,42.06372895,43.18497846,44.34998042,45.56384646,46.82007442,48.11274971,49.44782609,50.82555817,52.24432041,53.69945163,55.1746181,56.65293772,58.12971014,59.61274971,61.13799452,62.71398355,64.32154328,65.95052879,67.58954172,69.23572268,70.87765374,72.49727771,74.08613396,75.63848414,77.1198394,78.514434,79.82187622,81.05726596,82.25769683,83.4555425,84.63258911,85.78629064,86.95761849,88.12751665,89.22761457,90.28266745,91.34222483,92.36480611,93.36308265,94.36032119,95.31919311,96.22359969,97.09788484,97.91525656,98.59616138,99.09886408,99.52536232,99.99069722,,,Costa Rica,CRI,Population density (people per sq. km of land area),EN.POP.DNST,,
,6.560614535,6.700971229,6.846753573,6.988608469,7.126367778,7.263733087,7.400061951,7.535645478,7.669000524,7.790420144,7.901472808,7.99446925,8.068267625,8.13798045,8.20268076,8.269604547,8.335612669,8.399995173,8.462350672,8.529112952,8.595023065,8.659111473,8.723664089,8.788394862,8.859034886,8.932555514,8.998167028,9.059871661,9.119591488,9.171131205,9.228381943,9.300542565,9.372389532,9.444279155,9.524853247,9.608328015,9.689850598,9.769947934,9.849327629,9.927113958,10.00454398,10.08410935,10.16489171,10.23911242,10.16107265,10.21994185,10.28499631,10.35051499,10.40555007,10.47188424,10.54157076,10.61016826,10.68353081,10.75595741,10.82532525,10.89343095,10.95567758,11.05985605,11.14887373,10.80211186,10.85023238,10.89418157,10.94891277,,,Caribbean small states,CSS,Population density (people per sq. km of land area),EN.POP.DNST,,
,68.78135009,70.21506518,71.71005587,73.24040968,74.77464618,76.28910615,77.7711825,79.23204842,80.69497207,82.16370577,83.60414339,84.95243017,86.17623836,87.28289572,88.26560521,89.1177095,89.83649907,90.42811918,90.90647114,91.29232775,91.70689013,92.29684358,93.02631285,93.79235568,94.5738175,95.38405028,96.23223464,97.13766294,98.07488827,98.9925419,99.79180633,100.4264525,100.9406983,101.3595996,101.7259032,102.0671322,102.4016201,102.7440596,103.0933892,103.4367691,103.7628678,105.0607952,105.351344,105.6174796,105.8112927,105.9715306,106.0435175,106.0857009,106.1134818,106.1387542,105.7575681,105.9848194,108.4068989,108.4962027,108.3099424,108.2815456,108.3605877,108.1610597,107.9272254,107.6720039,107.1499807,106.5493256,106.1650385,,,Cuba,CUB,Population density (people per sq. km of land area),EN.POP.DNST,,
,,,,,,,,,,,,,,,,,,,,,,,,,,,,,,,,,,,,,,,,,,,,,,,,,,,339.7094595,342.5405405,346.4459459,351.1463964,355.8108108,359.6036036,360.7545045,358.8648649,354.5968468,350.1846847,346.7297297,345.3175676,348.3198198,,,Curacao,CUW,Population density (people per sq. km of land area),EN.POP.DNST,,
,35.8375,36.5875,37.375,38.19166667,39.00416667,39.83333333,40.70416667,41.54583333,42.35416667,43.82083333,46.24166667,49.01666667,51.825,54.64166667,57.45,60.225,62.9375,65.52916667,68.12916667,71.1625,74.60416667,78.125,81.65833333,85.225,88.85,92.4875,96.1375,99.79583333,103.6416667,108.3291667,113.725,119.2541667,124.9,130.6333333,136.4291667,142.2625,148.0958333,153.8416667,159.5166667,165.3083333,171.2041667,177.1416667,183.0583333,188.9666667,194.95,200.9666667,207.0291667,213.1291667,219.2416667,225.4125,231.6916667,238.0666667,244.3958333,250.6666667,256.8416667,262.9166667,268.8958333,274.7541667,280.5291667,286.1833333,292.1166667,298.2958333,304.325,,,Cayman Islands,CYM,Population density (people per sq. km of land area),EN.POP.DNST,,
,64.4495671,65.09372294,65.71991342,66.29015152,66.85454545,67.46645022,68.10075758,68.73993506,69.39274892,70.06991342,70.78463203,71.54361472,72.0711039,71.78073593,71.36417749,71.64848485,72.19707792,72.75422078,73.32781385,73.92597403,74.55551948,75.3784632,76.53950216,77.85,79.14253247,80.42261905,81.68668831,82.9258658,84.13636364,85.31937229,86.46580087,87.69924242,89.39761905,91.41417749,93.36525974,95.26948052,97.13939394,98.97705628,100.7829004,102.5613636,104.3427489,106.2164502,108.1807359,110.159632,112.1375541,114.1145022,116.0945887,118.0764069,120.0617965,122.0580087,124.079329,126.1252165,128.1271645,130.0650433,131.9807359,133.8865801,135.7440476,137.5256494,139.2501082,140.9358225,142.5659091,144.0876623,145.5601732,,,Cyprus,CYP,Population density (people per sq. km of land area),EN.POP.DNST,,
,,,,,,,,,,,,,,,,,,,,,,,,,,,,,,,,,133.6851948,133.7334929,133.6515206,133.4960657,133.3522842,133.2259997,133.0899444,132.7172641,132.2195548,131.964747,131.9269833,131.9842221,132.1669169,132.5424595,133.3181618,134.4459218,135.214086,135.6261815,135.9068756,136.0971773,136.1599586,136.30338,136.589289,136.8518586,137.2158788,137.6755343,138.2268103,138.5759288,136.1083491,138.2905113,140.7855477,,,Czechia,CZE,Population density (people per sq. km of land area),EN.POP.DNST,,
,210.1728067,212.0292842,214.0015267,215.7314954,217.5799702,219.4034056,220.4088334,221.3912124,223.153788,223.8973706,224.3085441,225.3843898,226.0953398,226.1834646,225.341718,224.3775957,223.8702317,223.675479,223.774382,224.2390399,224.5808352,224.3673302,223.7799158,223.0077192,222.509876,222.6117377,222.9539713,223.8267092,225.5643543,227.5170538,229.1808094,230.9300203,232.4597932,233.2741772,233.9674907,234.6524707,235.0229795,235.0787777,235.2577311,235.5968133,236.0273001,236.4515708,236.6164273,236.5921954,236.4646806,236.2251979,235.9433619,235.5221782,234.9396374,234.6069082,230.3046333,230.7506255,231.1557126,232.1080539,234.1529869,235.7129294,236.5887226,237.2940123,237.8229543,238.0173188,238.1180858,238.086252,238.3518101,,,Germany,DEU,Population density (people per sq. km of land area),EN.POP.DNST,,
,3.856341674,4.024288179,4.222260569,4.45202761,4.706298533,4.972778257,5.248015531,5.532786885,5.870491803,6.262942192,6.692666091,7.172389991,7.698403796,8.3094478,9.055565142,9.954141501,10.98416739,12.08071613,13.13688525,14.05586713,14.79926661,15.39603106,15.94275237,16.56829163,17.37217429,18.39262295,19.60306299,20.90263158,22.57786885,25.00163934,27.22571182,27.0064711,26.49892148,27.03666954,27.31121657,27.97014668,28.98261432,30.1704918,31.24322692,32.23977567,33.27493529,34.32157032,35.09572908,35.63951682,36.20220017,36.91820535,37.72769629,38.51311475,39.32385677,40.13162209,40.92139776,41.70608283,42.48593615,43.2578516,44.01695427,44.76501294,45.50651424,46.24167386,46.96760138,47.67851596,48.37135462,49.05504745,49.73874029,,,Djibouti,DJI,Population density (people per sq. km of land area),EN.POP.DNST,,
,80.27866667,81.264,82.31866667,83.44933333,84.67333333,86.00933333,87.44666667,88.976,90.57866667,91.87733333,92.70933333,93.41333333,94.11333333,94.788,95.42666667,96.02266667,96.54133333,96.96533333,97.27866667,97.444,97.31466667,96.91733333,96.48666667,96.07466667,95.65866667,95.208,94.69733333,94.144,93.53733333,92.836,92.39466667,92.43333333,92.57733333,92.636,92.62533333,92.54666667,92.39866667,92.16533333,91.82666667,91.348,91.05066667,91.156,91.37466667,91.532,91.64533333,91.74133333,91.796,91.80533333,91.81866667,91.812,92.07066667,92.15733333,92.95333333,93.83066667,93.88,92.808,91.328,90.89866667,90.50666667,90.09733333,89.60266667,89.10133333,88.68,,,Dominica,DMA,Population density (people per sq. km of land area),EN.POP.DNST,,
,115.292175,116.193175,117.112075,118.0518,118.9753,119.934525,120.88385,121.622075,122.2965,123.218925,124.07815,124.7899,125.546525,126.132425,126.49655,126.8149,127.210475,127.6062,127.920025,128.075675,128.0393,127.94525,127.857425,127.790475,127.842275,128.01335,128.1756,128.2379,128.31485,128.523475,128.85745,129.28425,129.7157,130.1545,130.834325,131.57685,132.124775,132.605475,133.044975,133.4904,133.969575,134.398275,134.76435,135.113075,135.4858,135.9318,136.53595,137.340525,138.077375,138.692075,139.2643,139.7893,140.3733,141.086875,142.087075,143.20025,144.1245,144.8409,145.36055,145.7851,146.418325,147.575925,148.6738,,,Denmark,DNK,Population density (people per sq. km of land area),EN.POP.DNST,,
,69.82473608,72.03345063,74.2762782,76.5588698,78.84419375,81.18085283,83.60438833,86.05234941,88.53311944,91.06375492,93.65005175,96.29234113,98.99041606,101.7221486,104.4664873,107.2325398,110.0277996,112.8520389,115.704616,118.5890499,121.474912,124.3451459,127.2458704,130.1809149,133.1071,136.0216932,138.9466984,141.9112813,144.9450424,148.0266197,151.1043883,154.1600911,157.2049679,160.2503415,163.2812047,166.2780791,169.2005382,172.021569,174.8335334,177.6897123,180.5067895,183.2381495,185.8956738,188.4680604,190.9549576,193.359201,195.7287932,198.1604223,200.6885738,203.2741668,205.8708549,208.453964,211.008756,213.5277996,215.9972883,218.410888,220.7998965,223.184703,226.0267745,228.3973491,230.7869908,233.012352,235.098143,,,Dominican Republic,DOM,Population density (people per sq. km of land area),EN.POP.DNST,,
,4.882515724,4.95468481,5.030825363,5.113829805,5.191992409,5.286080345,5.406181195,5.530668335,5.658031523,5.787247559,5.919594918,6.057366463,6.201830175,6.353968947,6.582832719,6.889572329,7.144354128,7.350497535,7.572889988,7.812428729,8.070026115,8.343626088,8.631552982,8.931272515,9.240531712,9.549950456,9.843065994,10.12265655,10.39344555,10.65431575,10.9113203,11.18030012,11.45257165,11.70878391,11.95352599,12.18984608,12.41919815,12.61856164,12.7949961,12.97534282,13.15476122,13.33094082,13.50937466,13.69934838,13.90128603,14.11720255,14.35480615,14.61828789,14.90105763,15.19403293,15.49429241,15.80616104,16.12861647,16.46066783,16.80263681,17.15162186,17.503708,17.84620368,18.17769614,18.49156121,18.79344471,19.09418702,19.38256023,,,Algeria,DZA,Population density (people per sq. km of land area),EN.POP.DNST,,
,56.24408623,56.99388051,58.45961294,59.90241023,61.38357015,63.07331228,64.71877817,66.42875438,68.24788167,70.11524914,72.01536761,73.80698812,75.53675169,77.16817404,78.64329973,80.00920003,81.2892201,82.57499591,83.88525,85.17834107,86.51279112,87.9954871,89.49590494,90.93411635,92.40811278,93.96467901,95.61333831,97.2879824,98.92486161,100.5350579,102.0844317,103.5523854,104.9799726,106.4018167,107.806004,109.1895989,110.5637051,111.8846891,113.1021911,113.8692161,114.9488481,115.9792926,116.9157939,117.8736842,118.8033842,119.7280653,120.6792342,121.6248792,122.5454577,123.4553315,124.4253486,125.5172568,126.6025168,127.6338802,128.6138017,129.5817424,130.5676548,131.4098683,132.1349255,132.7321635,133.0253681,133.3382379,133.577917,,,East Asia & Pacific (excluding high income),EAP,Population density (people per sq. km of land area),EN.POP.DNST,,
,31.95235708,32.78650221,33.64034468,34.51851837,35.39409425,36.26862557,37.1795426,38.11542917,39.06675592,40.04457055,41.01457369,42.00665032,43.05642382,44.13471226,45.24088664,46.36973487,47.51794953,48.67797323,49.88712992,51.16523048,52.51977564,53.91546471,55.31583179,56.73528639,58.17354175,59.63178539,61.11067543,62.60592589,64.10807408,65.70138477,67.2381124,66.52705682,65.90186593,67.24510563,68.6020352,70.03798703,71.47895141,72.9620679,74.36882466,75.6044104,77.01766287,78.39096831,79.75302611,80.83250513,82.203116,83.57967727,84.95389366,86.31758764,87.68541055,89.05255253,90.44446202,91.80722453,93.15231705,94.45062909,95.74296973,97.02562993,98.27559251,99.48176197,100.7058999,101.9374635,102.9709819,104.1334261,105.363343,,,Early-demographic dividend,EAR,Population density (people per sq. km of land area),EN.POP.DNST,,
,42.82437769,43.41736908,44.4781443,45.52567656,46.60035344,47.80358881,48.96810343,50.18814494,51.49042041,52.82479467,54.22398961,55.51014852,56.7553688,57.93973843,59.01144687,59.99987016,60.92856858,61.85806193,62.80857965,63.74319146,64.70756113,65.76862248,66.83449313,67.85526677,68.88876883,69.96992818,71.11210528,72.26946441,73.40338807,74.51591452,75.59478934,76.61483015,77.60614995,78.59528458,79.57053757,80.54012017,81.49264519,82.40985411,83.24889485,83.86102839,84.61802091,85.33399791,85.98986259,86.64479011,87.28218296,87.9299462,88.59924815,89.27043446,89.91124026,90.54181635,91.20476095,91.95050532,92.68755013,93.39398617,94.06676501,94.69372765,95.36409178,95.94040154,96.43807666,96.8319315,97.00513507,97.32964927,97.52274821,,,East Asia & Pacific,EAS,Population density (people per sq. km of land area),EN.POP.DNST,,
,165.1354729,168.6265498,172.1237958,175.6194472,179.0002534,182.3915398,185.7997604,189.174282,192.5432493,195.6247858,198.7736861,202.0614607,205.2635271,208.4260492,211.5283716,214.6968872,217.9679284,221.2158175,224.3008481,227.4813144,230.5387689,233.708405,237.1052332,240.5873932,244.0625761,247.6004429,251.1750147,254.683431,258.1247945,261.2359209,263.6903429,36.57763481,36.81259411,36.97386245,37.10942101,37.26255059,37.37818333,37.45386297,37.53837894,37.62691001,37.79063373,37.95693082,38.12913671,38.30373009,38.46645003,37.98818379,38.09019452,38.34571605,38.63823181,38.95269775,39.27176996,39.59123412,39.93474308,40.29699324,40.61670939,40.97882966,41.3314112,41.68474945,42.05323637,42.37884376,42.63568029,42.40636574,42.10214545,,,Europe & Central Asia (excluding high income),ECA,Population density (people per sq. km of land area),EN.POP.DNST,,
,123.3978465,124.821717,126.2550695,127.6924542,129.0854957,130.3205698,131.5451614,132.7305048,133.9014314,134.9391506,135.9822142,137.1322199,138.2367625,139.2917052,140.3056801,141.3195636,142.3244362,143.3178985,144.2881821,145.2951455,146.2418746,147.1016563,147.9613075,148.8579235,149.7744492,150.7171817,151.6780953,152.6478139,153.6401343,154.4456679,155.151316,31.4564251,31.42204345,31.5073484,31.57622005,31.63425064,31.60010204,31.63327016,31.6616456,31.65819586,31.70375796,31.76472425,31.84843113,31.9410264,32.03236653,32.01442282,32.10536197,32.23716232,32.3643178,32.48131184,32.55512238,32.68273012,32.8048341,32.93851601,33.077949,33.22519136,33.35313592,33.47429179,33.60256484,33.67103333,33.69698929,33.69335661,33.71262831,,,Europe & Central Asia,ECS,Population density (people per sq. km of land area),EN.POP.DNST,,
,17.05797934,17.55262607,18.06717237,18.60250686,19.15894741,19.73612195,20.33325025,20.94957376,21.58371623,22.23445673,22.90150267,23.58414246,24.28129244,24.9912332,25.71250903,26.44456003,27.18833622,27.94454197,28.71286303,29.49673819,30.29515243,31.10568559,31.93330805,32.77988008,33.63370178,34.48200405,35.32470019,36.1609883,36.99556422,37.83294683,38.65908106,39.48175119,40.2914102,41.07859052,41.86719405,42.66345181,43.45877402,49.32832984,50.21257449,51.09198744,51.98397488,52.90091802,53.84243034,54.79425431,55.75037446,56.7165848,57.69356177,58.68578676,59.69541794,60.70500483,61.70972379,62.70008858,63.64602996,64.56403608,65.49454421,66.45651071,67.48074972,68.64852231,69.81809067,70.64770897,71.19686745,71.76637542,72.39524481,,,Ecuador,ECU,Population density (people per sq. km of land area),EN.POP.DNST,,
,27.72705611,28.46653574,29.22484203,29.99540107,30.76917374,31.55009393,32.34352303,33.14914762,33.96616103,34.78224923,35.59532674,36.42405746,37.27162891,38.14321864,39.05301823,39.97745442,40.93512482,41.95231403,43.01434326,44.15130142,45.3535828,46.61973078,48.00482395,49.47243357,50.96686725,52.44491938,53.91976995,55.43993269,56.96985484,58.66353709,60.30337737,61.76167562,63.20325581,64.57942539,65.95270682,67.33441961,68.7445276,70.26299061,71.84786177,73.41733286,74.99324828,76.58761063,78.20940077,79.84071827,81.47170024,83.07840976,84.66143453,86.25725953,87.90158823,89.60376915,91.50942689,93.58682104,95.76930333,97.97443769,100.0525812,102.1091858,104.1700306,106.1651454,108.0447617,109.8147813,111.46417,113.1330052,115.0592918,,,"Egypt, Arab Rep.",EGY,Population density (people per sq. km of land area),EN.POP.DNST,,
,111.6163821,112.5764743,113.5538041,114.5416969,115.5237052,116.4490407,117.2656079,118.0485663,118.8596795,119.5404765,120.2285107,121.0449473,121.8135504,122.4953688,123.0957571,123.6263233,124.1305771,124.6339147,125.1423064,125.6984944,126.2016473,126.5201361,126.7862248,126.9942981,127.2216363,127.5212776,127.8650336,128.2868367,128.7872702,129.3025008,129.7941373,118.7819584,117.1875212,117.5240063,117.790756,118.0439753,118.2907655,118.5142972,118.7868966,117.7023663,118.0453296,118.6081561,119.2206549,119.8575922,120.4676645,121.0395582,121.6473064,122.2500537,122.6474416,122.8789079,122.6452219,122.8754746,122.9533432,123.1310587,123.4605539,123.7475001,123.9858077,124.2198877,124.506283,124.6558042,124.7111054,125.0495186,125.5909435,,,Euro area,EMU,Population density (people per sq. km of land area),EN.POP.DNST,,
,,,,,,,,,,,,,,,,,,,,,,,,,,,,,,,,,18.37629703,18.94965347,20.05214851,21.07390099,21.30826733,21.58830693,21.90871287,22.24783168,22.89187129,23.69285149,24.69210891,21.47650541,21.98890999,22.34224742,22.6651486,23.26437552,23.8530993,24.32729108,24.76265617,25.08205175,25.39759056,25.57229476,25.6468529,25.80742961,26.02060722,26.36951008,26.76064906,27.19141159,27.64674669,28.13581156,28.63873205,,,Eritrea,ERI,Population density (people per sq. km of land area),EN.POP.DNST,,
,61.50556245,62.07404458,62.62085518,63.24621834,63.93671616,64.59480972,65.39466765,66.25542038,66.91154908,67.65883189,68.47911081,69.23940334,70.00869783,70.78206103,71.56876088,72.33783454,73.09051928,73.79916722,74.45115506,75.06189561,75.59890882,76.0541625,76.43018041,76.74668429,77.02529233,77.25577447,77.45638115,77.62081331,77.74259971,77.82180442,78.02013455,78.40318156,78.81079209,79.18690533,79.53718164,79.86915746,80.20460716,80.53721969,80.86431804,81.29832465,81.94337639,83.02251924,84.50881393,85.98480508,87.4654972,88.97614934,90.61490052,92.12932237,92.97506517,93.15193096,93.50783588,93.50683713,93.16926291,92.88245537,92.90759735,92.99737171,93.22686228,93.63828109,94.31810878,94.80291069,94.93829272,95.62696363,96.76361734,,,Spain,ESP,Population density (people per sq. km of land area),EN.POP.DNST,,
,,,,,,,,,,,,,,,,,,,,,,,,,,,,,,,,36.1663364,35.24718094,34.50139184,33.89087049,33.39452701,33.01568766,32.70007077,32.79650861,32.95553197,32.7462845,32.53951404,32.33592828,32.14319415,31.95977825,31.77188016,31.62727058,31.5425808,31.48183534,31.41012031,31.31490918,31.20301958,30.31969174,30.24028065,30.26011042,30.2689211,30.816,30.9234386,31.03854971,31.09992982,31.13291228,31.56658086,32.06847648,,,Estonia,EST,Population density (people per sq. km of land area),EN.POP.DNST,,
,,,,,,,,,,,,,,,,,,,,,,,,,,,,,,,,,53.708891,55.611508,57.537335,59.467635,61.404539,63.363524,65.374561,67.411494,69.487762,71.635517,73.832663,67.40863725,69.43778477,71.50677486,73.63186221,75.79839696,77.98026314,80.22403021,82.53767959,84.88418078,87.22415785,89.59874025,92.03678223,94.56147998,97.17443526,99.82988254,102.5521595,105.3700909,108.2303783,111.1071514,114.037952,,,Ethiopia,ETH,Population density (people per sq. km of land area),EN.POP.DNST,,
,100.5712367,101.4156636,102.2889248,103.1851781,104.0426595,104.8597737,105.6531816,106.3998374,107.1378303,107.7459866,108.3450178,109.0822469,109.7912664,110.4571325,111.0946757,111.6807134,112.2266432,112.7473105,113.2503049,113.7754404,114.2609027,114.6135857,114.9171354,115.1751155,115.4441322,115.7575924,116.0949637,116.4737549,116.9099829,117.3068361,117.642502,110.4851915,107.3302319,107.5971518,107.8017543,107.9751047,108.1400751,108.285962,108.4653167,107.6698008,107.8271136,108.1139091,108.5075671,108.9280308,109.3360795,109.7242302,110.1100924,110.4956471,110.7503587,110.8900005,110.7234976,110.8838238,110.9344028,111.0377304,111.2738277,111.4843655,111.6661246,111.8456041,112.0625684,112.0524225,111.8875516,112.1348486,112.5532311,,,European Union,EUU,Population density (people per sq. km of land area),EN.POP.DNST,,
,14.64593388,14.74586493,14.85048426,14.93333005,14.98319708,15.0394596,15.12112676,15.18916905,15.1803572,15.12297515,15.14207295,15.23246659,15.31921928,15.39963229,15.4681375,15.51483634,15.55829804,15.60303359,15.64296267,15.69170032,15.75877081,15.84731278,15.9420434,16.02745658,16.09444171,16.14680062,16.19266227,16.23980104,16.29853574,16.37096096,16.46061919,16.55337339,16.63366164,16.70551561,16.76939492,16.82449522,16.87460192,16.91945894,16.95877737,16.99402147,17.03275879,17.07409304,17.11485604,17.16462129,17.22346761,17.31698399,17.39195633,17.48403751,17.56785456,17.64841066,17.73099477,17.81556155,17.89783145,17.97200303,18.03011089,18.08200783,18.12389445,18.14795012,18.16736091,18.19287688,18.23016591,18.27980932,18.37054547,,,Finland,FIN,Population density (people per sq. km of land area),EN.POP.DNST,,
,22.84652436,23.56518883,24.31724138,25.08615216,25.86617406,26.62764094,27.30558292,27.91472359,28.50558292,29.0743295,29.61800766,30.13130816,30.60875753,31.06124795,31.52194855,32.04893268,32.72058019,33.50251779,34.31100164,35.13820471,35.9863711,36.85900383,37.75779967,38.6817734,39.61472359,40.46557198,41.08045977,41.52692939,41.94422551,42.3270936,42.67411056,42.98555008,43.26048166,43.5014231,43.71899288,43.99501916,44.45205255,45.00591133,45.52972085,46.02676519,46.50224412,46.96491516,47.41576355,47.85801861,48.29660646,48.73371648,49.14241927,49.44712644,49.65730706,49.83136289,49.97203065,50.07761357,50.1561029,50.22359059,50.27794198,50.31012589,50.28784893,50.2014231,50.07657362,50.08007663,50.1757526,50.32413793,50.58264915,,,Fiji,FJI,Population density (people per sq. km of land area),EN.POP.DNST,,
,88.88761852,89.78479636,90.69035532,91.66247704,92.54610817,93.3512144,94.11409407,94.83807403,95.62299657,96.49720568,97.41080434,98.26951665,99.0670025,99.72459597,100.2001169,100.6260006,101.0974432,101.5567863,102.0128973,102.5590203,103.1697801,103.5472474,104.1067446,104.6165414,105.1407719,105.6795658,106.2550645,106.8711123,107.5110159,108.1009593,108.6450357,109.1874645,109.6634085,110.0748919,110.4764709,110.8720735,111.2683292,111.6813879,112.2589962,113.0321199,113.8591279,114.6899378,115.5020967,116.3514018,117.2295278,118.048691,118.7807589,119.4454328,120.0601837,120.6535133,121.2372762,121.8251396,122.4565025,123.0393673,123.4776361,123.8038853,124.1636887,124.6096076,125.024698,125.4311346,125.8796011,126.5135115,126.8620206,,,France,FRA,Population density (people per sq. km of land area),EN.POP.DNST,,
,24.75429799,25.04512894,25.3517192,25.67836676,26.03653295,26.37249284,26.64899713,26.90544413,27.15401146,27.41332378,27.72421203,28.06017192,28.39255014,28.72922636,29.06017192,29.38395415,29.70487106,30.06303725,30.45916905,30.85386819,31.25071633,31.64111748,31.99856734,32.33595989,32.74283668,33.04584527,33.45415473,33.9226361,34.35458453,34.19842407,33.98782235,33.87320917,33.29083095,32.01647564,31.23997135,31.21848138,31.61318052,32.00143266,32.33954155,32.77507163,33.40616046,33.90759312,34.40687679,34.65902579,34.64111748,34.6239255,34.65472779,34.77578797,34.94985673,34.85386819,34.7722063,34.59169054,34.55945559,34.68982808,35.02722063,35.43194842,35.94484241,36.53080229,37.09885387,38.47803807,38.89854015,39.34525547,39.70656934,,,Faroe Islands,FRO,Population density (people per sq. km of land area),EN.POP.DNST,,
,,,,,,,,,,,,,,,,,,,,,,,,,,,,,,,146.7914286,149.7228571,152.9514286,155.8214286,157.4714286,158.1571429,158.6728571,159.11,159.5428571,160.0628571,160.5214286,160.64,160.4071429,159.8928571,159.16,158.1842857,156.9714286,155.6228571,154.2242857,153.6285714,153.8542857,154.1285714,154.4585714,154.8514286,155.3085714,155.8214286,156.4014286,157.0128571,157.5457143,158.4514286,159.4628571,160.1628571,160.9,,,"Micronesia, Fed. Sts.",FSM,Population density (people per sq. km of land area),EN.POP.DNST,,
,2.01135561,2.036127605,2.062529592,2.090491714,2.120184732,2.151833741,2.185384406,2.220891062,2.263655063,2.31243839,2.360957814,2.409904141,2.460492102,2.51364536,2.569942174,2.629828851,2.693305391,2.760294175,2.83065549,2.904447549,2.982050685,3.063166065,3.147456048,3.234761517,3.324896185,3.417957077,3.51410331,3.61322622,3.714588427,3.81780572,3.922916909,4.029883184,4.138646331,4.248534948,4.359114371,4.470893003,4.585085575,4.702666201,4.824061784,4.950409438,5.082427135,5.220378779,5.3648077,5.517169247,5.679726006,5.853754803,6.039651492,6.237338456,6.448387472,6.674735126,6.91576435,7.167652424,7.424453759,7.678033919,7.920941514,8.151146816,8.370784337,8.58585788,8.800814996,9.013618194,9.223898785,9.433566189,9.643299569,,,Gabon,GAB,Population density (people per sq. km of land area),EN.POP.DNST,,
,218.2449469,220.104989,221.7583599,223.2050593,224.6436986,225.8855867,227.1053611,228.2135328,229.1644277,230.0799818,231.0429587,231.8276568,232.2759765,232.4224941,232.4052412,232.3480676,232.2716984,232.2841483,232.4926673,232.7707023,232.8517712,232.7683255,232.8477163,233.2165172,233.746406,234.288414,234.7871285,235.3090853,235.9224197,236.6287191,237.3616211,238.0043897,238.5756789,239.1838342,239.8174265,240.4288431,241.0488736,241.7523292,242.5596908,243.4279089,244.366854,245.4035423,246.5489067,247.9556277,249.6639772,251.5058901,253.4719258,255.4747034,257.4144174,259.4401893,261.4756748,263.3447691,265.1097425,267.0979209,269.0323647,271.1776134,272.6573802,273.9924772,275.4019758,275.8649196,276.8486752,279.5684702,283.2472203,,,United Kingdom,GBR,Population density (people per sq. km of land area),EN.POP.DNST,,
,,,,,,,,,,,,,,,,,,,,,,,,,,,,,,,,85.26365513,85.92148081,84.60890864,81.48854054,78.58390776,76.10331012,74.24344799,72.73158613,71.33088981,70.23291578,69.60556702,69.13705868,68.71024179,68.27511459,67.88808216,67.53486826,67.33001505,66.73464782,66.24960635,65.72030162,65.23800693,65.04195388,65.07250079,65.17505861,65.21405578,65.22278596,65.19733021,65.08556982,65.13027048,64.88348088,64.95157283,65.00372651,,,Georgia,GEO,Population density (people per sq. km of land area),EN.POP.DNST,,
,31.47871583,32.24652808,33.02590314,33.82147754,34.64272655,35.48616068,36.35366529,37.2494023,38.1927705,39.22744572,40.32813571,41.47924321,42.69410653,43.95061528,45.2417509,46.56285928,47.95583634,49.43504439,50.96798365,52.48065395,53.97605696,55.56745627,57.26393601,58.76149248,60.03880197,61.37477806,62.79822449,64.3252527,65.95241716,67.6568867,69.38338754,71.12971346,72.90814362,74.68220972,76.46575108,78.27274765,80.15715039,82.13077261,84.16042894,86.30169201,88.63087369,91.10217105,93.59543377,96.10748879,98.66150127,101.260007,103.9038367,106.5744309,109.2672233,111.958315,114.6835194,117.4926079,120.3577085,123.2380768,126.1143887,129.0179397,131.8816648,134.6470291,137.3820281,140.1477124,142.9184558,145.6894253,148.4967631,,,Ghana,GHA,Population density (people per sq. km of land area),EN.POP.DNST,,
,2187.2,2219.7,2275.3,2331.5,2387.8,2444.4,2501.5,2557.8,2612,2663.4,2702,2729,2753.7,2775.5,2795.1,2813.4,2830,2844.6,2857.5,2867.5,2874,2876.5,2873.3,2864.3,2851.2,2832.8,2809.6,2783.9,2754.4,2720,2689.8,2687.8,2707,2723.9,2737.7,2748.7,2758.2,2765,2769.2,2770.9,2765.7,2783.1,2827.4,2871.5,2916.3,2959.4,3000.6,3041.3,3082.3,3124.8,3166,3202.9,3240.7,3281.3,3319.3,3365.8,3424.5,3485.4,3549.4,3617.3,3685.8,3760.9,3847.1,,,Gibraltar,GIB,Population density (people per sq. km of land area),EN.POP.DNST,,
,14.73038825,14.99378561,15.26515546,15.54501872,15.83394107,16.13281377,16.44210077,16.7611509,17.08570731,17.40816783,17.72423897,18.03390851,18.3392642,18.64117695,18.93975256,19.23743285,19.53902002,19.85126974,20.18265912,20.54134381,20.93149927,21.35630799,21.81268924,22.30219762,22.83238239,23.40333713,24.01187531,24.64827446,25.29631695,26.18579684,27.2552743,28.13920723,29.00934804,29.89218216,30.73925199,31.62150008,32.27808074,32.89105486,33.63634625,34.30258831,34.75484291,35.30061045,36.10117614,36.88232948,37.62755982,38.4224768,39.32232216,40.28516197,41.2808644,42.3086684,43.36972977,44.44726111,45.54726111,46.69104672,47.88812469,49.13328178,50.40557952,51.70427316,53.04552336,54.41633974,55.79730181,57.19980873,58.62554127,,,Guinea,GIN,Population density (people per sq. km of land area),EN.POP.DNST,,
,40.40810277,41.518083,42.66373518,43.84258893,45.05454545,46.29604743,47.58774704,48.93962451,50.33992095,51.78903162,53.29920949,54.8784585,56.5208498,58.20998024,59.96254941,61.82480237,63.81126482,65.91926877,68.16017787,70.54476285,73.03606719,75.66729249,78.51037549,81.58409091,84.86897233,88.34179842,92.00503953,95.86561265,99.93646245,104.2189723,108.6916008,113.1998024,117.4273715,121.2673913,124.9321146,128.5978261,132.3012846,136.0659091,139.8991107,143.783004,147.7283597,151.7481225,155.890415,160.2086957,164.7269763,169.4935771,174.4835968,179.6296443,184.9231225,190.3784585,196.026087,201.8867589,207.8873518,213.886166,219.8151186,225.6688735,231.4416008,237.1177866,242.7711462,248.5902174,254.5464427,260.520751,266.5854743,,,"Gambia, The",GMB,Population density (people per sq. km of land area),EN.POP.DNST,,
,20.71593172,20.96280228,21.1386202,20.92969417,20.44825747,20.16031294,20.23509957,20.56081081,20.68314367,20.78246799,20.84711949,20.86130868,21.08136558,21.81145092,23.14957326,24.68673542,26.37940967,28.15412518,29.15600996,29.49157183,29.95846373,30.43709104,30.92432432,31.41959459,31.9237909,32.43691323,32.96095306,33.50145804,34.06077525,34.62549787,35.37123044,36.42802276,37.65096017,38.83467283,39.82748933,40.66625178,41.44896871,42.22876956,43.03719772,43.90970839,44.85323613,45.85017781,46.89921764,47.99299431,49.13175676,50.33083215,51.59978663,52.91799431,54.28083215,55.7022404,57.18620199,58.72748933,60.31198435,61.91756757,63.52976529,65.14555477,66.75220484,68.35590327,69.97496444,71.59512802,73.21625178,74.87656472,76.57677809,,,Guinea-Bissau,GNB,Population density (people per sq. km of land area),EN.POP.DNST,,
,9.800213904,9.992370766,10.19483066,10.40791444,10.63237077,10.86841355,11.11604278,11.36716578,11.49793226,11.43682709,11.26345811,11.03272727,10.77650624,10.51525847,10.26385027,10.01893048,9.867344029,9.858502674,9.976684492,10.29033868,10.81112299,11.48720143,12.24317291,13.00887701,13.74499109,14.4288057,15.06317291,15.67383244,16.2854902,16.90816399,17.54784314,18.20926916,18.89565062,19.61276292,20.365918,21.15836007,21.99262032,22.86894831,23.78659537,25.07233512,26.73212121,28.44766488,30.22680927,32.0826025,33.7742246,35.30634581,36.93561497,38.66417112,40.48745098,42.3916221,44.27219251,46.11347594,47.99351159,49.90474153,51.83326203,53.76777184,55.70039216,57.62645276,59.54285205,61.19315508,62.70181818,64.29750446,65.86627451,,,Equatorial Guinea,GNQ,Population density (people per sq. km of land area),EN.POP.DNST,,
,65.15166796,65.54098526,65.78452289,66.02349884,66.33307215,66.82429015,67.37073701,67.81043445,68.05868115,68.21416602,68.51075252,68.95754849,69.27141971,69.52693561,70.18262995,71.28122576,72.21473235,73.15716835,74.0749263,74.80608999,75.47982933,75.94657099,76.38965865,76.77114818,77.06982157,77.32515904,77.58413499,77.86643134,78.27384019,79.10622188,80.06149728,80.67541505,81.15139643,81.55874321,81.94067494,82.30256012,82.70953452,83.16919317,83.48873545,83.83093871,84.2678976,84.5773623,84.77944143,84.98945694,85.23905353,85.49543832,85.71352211,85.94135764,86.16770365,86.27882855,86.1512723,85.68666408,85.06757952,84.50281614,83.94788984,83.5994647,83.43428239,83.26518231,83.17751746,82.99921645,82.00256012,80.97598914,80.73972847,,,Greece,GRC,Population density (people per sq. km of land area),EN.POP.DNST,,
,280.3970588,283.4558824,285.8676471,287.5294118,288.4323529,288.5911765,288.4294118,288.4647059,288.8352941,289.4529412,290.1411765,290.5205882,290.3205882,289.6647059,288.6058824,287.1529412,285.3441176,283.25,280.8529412,278.0529412,276.6235294,277.5970588,279.2588235,280.8764706,282.6794118,284.6764706,286.8411765,289.1411765,291.5323529,293.9911765,296.45,298.8294118,301.1235294,303.3470588,305.4970588,307.6,309.6852941,311.7911765,313.9029412,316.0323529,317.6088235,318.8352941,320.2470588,321.5382353,322.7470588,323.9264706,325.0647059,326.1647059,327.2176471,328.1941176,329.6441176,331.6911765,333.7852941,335.6823529,337.2823529,338.6176471,339.5235294,340.2676471,341.1205882,342.1794118,343.2,343.8617647,344.3558824,,,Grenada,GRD,Population density (people per sq. km of land area),EN.POP.DNST,,
,0.098624524,0.102429031,0.106526193,0.110038045,0.114720515,0.118525022,0.122622183,0.127011999,0.131401814,0.13579163,0.138132865,0.141352063,0.143400644,0.144863916,0.14515657,0.145449224,0.144571261,0.143985953,0.14515657,0.146912496,0.149253731,0.150717003,0.152472929,0.154228856,0.155692128,0.156570091,0.158326017,0.160374598,0.161837869,0.162715833,0.162423178,0.161837869,0.161545215,0.162423178,0.163301141,0.163593796,0.136435619,0.136679254,0.136679254,0.136886344,0.137358996,0.137885248,0.138265319,0.138623462,0.138713607,0.138323791,0.137787794,0.137234742,0.137222561,0.137736631,0.138603971,0.138409063,0.137612377,0.137154343,0.136713363,0.136888781,0.136854672,0.136491656,0.136983798,0.13732976,0.138026556,0.138046047,0.138543062,,,Greenland,GRL,Population density (people per sq. km of land area),EN.POP.DNST,,
,39.06495894,40.23930571,41.43583427,42.6568589,43.90598171,45.17504666,46.46194476,47.76139418,49.05824001,50.36362449,51.68304405,53.03128966,54.41984882,55.81557484,57.19233856,58.43975364,59.73791527,61.23118701,62.78272676,64.391676,66.02881672,67.5647723,69.23891377,71.20830534,73.252081,75.31558417,77.42147256,79.62018477,81.89199328,84.21773983,86.53027249,88.86026502,91.26316723,93.72637178,96.23923106,98.7637738,101.3228257,103.9487215,106.5972844,109.1600597,111.6967339,114.2862542,116.8891564,119.5166293,122.1316629,124.7429918,127.3986562,130.0408175,132.6578108,135.3127286,138.0377566,140.8141751,143.5921706,146.3393524,149.045754,151.8174692,154.6039287,157.2012411,159.6099571,161.9757839,164.2277902,166.5535368,169.1380926,,,Guatemala,GTM,Population density (people per sq. km of land area),EN.POP.DNST,,
,132.0574074,135.5407407,139.0648148,142.6074074,146.1703704,149.7111111,153.1833333,156.5981481,160.0074074,163.6388889,167.5296296,171.5166667,175.5203704,179.5166667,183.4388889,187.3444444,191.2925926,195.2296296,199.3259259,203.9648148,209.0777778,214.2796296,219.4592593,224.6333333,229.8462963,235.1203704,240.4777778,245.9240741,251.4796296,256.6851852,261.2462963,265.5425926,269.7296296,273.8296296,277.8777778,281.7944444,285.5833333,289.3277778,293.1277778,296.4166667,298.7574074,300.5833333,302.1055556,303.3518519,304.3796296,305.2574074,306.05,306.8388889,307.7277778,308.3740741,308.412963,308.0203704,307.3444444,306.4555556,305.3796296,304.1351852,302.7592593,301.2574074,299.6444444,300.2925926,303.2037037,305.8888889,308.3444444,,,Guam,GUM,Population density (people per sq. km of land area),EN.POP.DNST,,
,2.961557623,3.027100808,3.093574297,3.160815414,3.228752987,3.297473438,3.366941182,3.437344314,3.508835341,3.572289157,3.622906817,3.668430685,3.711748259,3.75200549,3.786604013,3.821452883,3.853970028,3.884104648,3.911922784,3.933792228,3.944389129,3.945704851,3.941534163,3.932491745,3.919110998,3.901945644,3.881737363,3.859095758,3.834721869,3.809469139,3.799141478,3.809555499,3.82506985,3.839583439,3.852618745,3.863479807,3.872212344,3.879024638,3.883581407,3.885354331,3.883550927,3.879359919,3.876560833,3.873091186,3.865450851,3.855554991,3.84486157,3.833406147,3.820645161,3.806228092,3.790464821,3.791150622,3.8101143,3.831490983,3.854615189,3.878831598,3.903881128,4.021112522,4.102946406,3.824386663,3.862280951,3.891432225,3.913768116,,,Guyana,GUY,Population density (people per sq. km of land area),EN.POP.DNST,,
,26.17537316,26.49946169,26.82139502,27.14412256,27.45676864,27.73454141,28.0016449,28.26626649,28.53574906,28.80455217,29.12009613,29.39879812,29.6686681,29.93313541,30.19034964,30.43686471,30.68177546,30.92747588,31.1815558,31.43015196,31.67587673,31.90441145,32.1208907,32.33371078,32.54703112,32.76419461,32.98627386,33.21177865,33.44728296,33.65864145,33.89768178,23.17095048,23.27194782,23.41952462,23.55947066,23.69687621,23.79918086,23.92827004,24.04949967,24.15757425,24.2811851,24.40587811,24.53352557,24.66742255,24.80131861,24.95277323,25.11990743,25.30257305,25.4576516,25.57056772,25.68390116,25.83523921,25.9831278,26.12523553,26.28941617,26.44313736,26.55961658,26.64600823,26.74075623,26.80504068,26.86446587,27.00309407,27.19822499,,,High income,HIC,Population density (people per sq. km of land area),EN.POP.DNST,,
,3105.980392,3240.392157,3353.823529,3435.882353,3527.352941,3558.72549,3649.803922,3728.137255,3788.137255,3881.372549,3965.980392,4042.745098,4158.431373,4291.960784,4417.425743,4473.267327,4583.7,4667.5,4929.7,5063.1,5183.4,5317.676768,5399.090909,5452.424242,5511.313131,5580.40404,5636.868687,5684.444444,5743.636364,5762.121212,5810.10101,5859.090909,5960.606061,6096.363636,5862.952381,6129.047619,6180.285714,6232.095238,6291.904762,6347.619048,6394.571429,6422.952381,6410.285714,6460.47619,6488.761905,6530.571429,6586.952381,6626.47619,6640.761905,6689.714286,6734.857143,6809.619048,6837.047619,6885.238095,6944.095238,6987.238095,7041.142857,7097.714286,7150.380952,7124.761905,7060.095238,6996.285714,7177.238095,,,"Hong Kong SAR, China",HKG,Population density (people per sq. km of land area),EN.POP.DNST,,
,18.95828045,19.50186791,20.06325856,20.6439807,21.24548217,21.86746805,22.51003664,23.17505586,23.86530521,24.58410046,25.33395299,26.1155063,26.91446063,27.70431674,28.53904728,29.44371257,30.37496648,31.32954688,32.30834748,33.31104656,34.33531147,35.38053445,36.44806506,37.53552596,38.63921709,39.76136384,40.90544285,42.07415319,43.27319689,44.51236035,45.79311824,47.11261954,48.46947002,49.86363393,51.29714005,52.76569845,54.26270444,55.7192868,57.20317276,58.78785414,60.39854321,62.01500581,63.62689248,65.23365806,66.83666994,68.43178121,70.0223255,71.61128787,73.19598713,74.7687729,76.33017249,77.88967736,79.44658146,81.000286,82.55702029,84.1217267,85.69252838,87.27509161,88.86972026,90.44275628,91.96422379,93.51927786,95.13675038,,,Honduras,HND,Population density (people per sq. km of land area),EN.POP.DNST,,
,10.29897534,10.5531264,10.81678901,11.09143513,11.37753617,11.6732532,11.9819395,12.30535556,12.64215634,12.99110098,13.34696275,13.70588814,14.08363104,14.48008955,14.88267888,15.29348611,15.70326006,16.15020769,16.61594251,17.01863341,17.39484183,17.8369841,18.33416922,18.84450778,19.36467857,19.89245451,20.44440594,21.01922305,21.61374366,22.20256551,22.8013252,23.48255688,22.70401551,23.39946433,24.08500419,24.78652712,25.48800419,26.22000213,26.97457696,27.71610279,28.4754948,29.30817973,30.17610453,30.77686655,31.66342999,32.5812983,33.49294454,34.43919534,35.42862472,36.42417166,37.44932599,34.80055661,35.78984938,36.82621171,37.88840984,38.99177865,40.14776182,41.31107809,42.47559545,43.63230045,44.8236439,46.00338016,47.20583518,,,Heavily indebted poor countries (HIPC),HPC,Population density (people per sq. km of land area),EN.POP.DNST,,
,,,,,,,,,,,,,,,,,,,,,,,,,,,,,,,,81.84256841,82.28336612,83.2055804,82.6333393,81.40580564,81.0096463,81.06125917,80.71180469,79.91669051,76.90016454,76.94544999,76.89584376,76.91730398,77.01638553,77.03450432,77.01767207,77.00852334,76.92768566,76.75339504,76.48884997,76.12693875,75.65438496,75.07679937,74.1856372,73.3840862,72.21440569,71.27394396,70.57018798,69.9464975,69.31703002,68.89994639,68.97223016,,,Croatia,HRV,Population density (people per sq. km of land area),EN.POP.DNST,,
,142.5627721,145.195029,147.7891147,150.4442671,153.2590711,156.1189768,159.0347968,162.022061,165.0701742,168.1830189,171.3804064,174.6686502,178.0385704,181.4875181,185.0176343,188.6196299,192.2886792,196.0297533,199.8399855,203.7189042,207.6823295,211.7538824,215.9323657,220.2187954,224.632148,229.1771408,233.8578737,238.6845065,243.6404209,248.7097605,253.8261974,258.9466981,264.0849419,269.2224601,274.4029753,279.6646226,284.9890421,290.3535196,295.7654572,301.2754354,306.8185051,312.3236938,317.8487663,323.3041727,328.7834906,334.4180697,340.1050798,345.8190856,351.5813135,355.7073295,359.7570392,365.3763062,370.9129898,376.3873367,381.8302612,387.208164,392.5164731,397.7634978,402.9449565,407.9770682,412.7208273,417.4022496,422.2568215,,,Haiti,HTI,Population density (people per sq. km of land area),EN.POP.DNST,,
,111.3722568,111.7621084,112.0509497,112.4051427,112.7297823,113.0835796,113.5178222,113.9661629,114.4429714,114.891198,115.2332666,115.5772924,115.9503723,116.4690452,117.1559964,117.8285381,118.3640618,118.7598311,119.0408363,119.1315983,119.1529255,119.0959506,118.930385,118.6926457,118.4770027,118.2750779,118.0767802,117.9090575,116.6320129,115.4332703,115.4267275,115.3815623,115.2628867,115.1052192,114.9450812,114.7478077,114.5933853,114.3270601,114.0036748,113.9362977,113.6752511,113.3520196,113.0278063,112.7777951,112.5662872,112.3911394,112.2171633,112.0208459,110.7108141,110.4608748,110.1483155,109.5809345,109.0548327,107.7475126,107.360892,106.9444992,106.582906,106.3660311,106.2330046,105.9655819,105.532895,105.2495507,105.1083279,,,Hungary,HUN,Population density (people per sq. km of land area),EN.POP.DNST,,
,38.33202502,39.02561571,39.95566743,40.88727349,41.82575608,42.81424461,43.80158627,44.81530813,45.86562065,46.94532753,48.04493426,49.12061042,50.19335936,51.25341804,52.29097823,53.31550829,54.3252071,55.34013626,56.36925835,57.415561,58.49567953,59.63183897,60.7768194,61.92191065,63.08460032,64.2771488,65.50200484,66.73238617,67.95216343,69.14818201,70.30514491,50.50657053,51.27396299,52.02687713,52.77101126,53.5095029,54.24421749,54.9960475,55.70490027,56.3605167,57.03688038,57.69125236,58.33004597,58.9793317,59.61933909,60.1670472,60.77843744,61.40297394,62.04308854,62.68315438,63.33924207,64.03078174,64.73574749,65.42459749,66.0768406,66.7091263,67.33963059,67.92175988,68.45964558,68.93234397,69.29800098,69.62394558,69.96199998,,,IBRD only,IBD,Population density (people per sq. km of land area),EN.POP.DNST,,
,32.80599757,33.44256778,34.25147295,35.06721648,35.89379695,36.7607563,37.63291201,38.53020666,39.45859774,40.40933714,41.36798065,42.31600018,43.28046666,44.24395245,45.19213602,46.13323937,47.0680574,48.01931777,48.99628132,49.98999854,51.00950219,52.08277129,53.17150983,54.26195841,55.37412094,56.51499739,57.68609301,58.86509219,60.04216698,61.20742145,62.34946776,48.71130801,48.98983304,49.83717868,50.67864372,51.52196033,52.36348906,53.21987337,54.04555039,54.82858544,55.63938535,56.44184452,57.23810422,57.95347612,58.7577273,59.50418939,60.30884697,61.12773818,61.96234774,62.80246797,63.65800355,62.85727701,63.70569757,64.55185428,65.37321861,66.19526424,67.02876387,67.83903732,68.62968677,69.37205923,70.04922239,70.69519702,71.35773552,,,IDA & IBRD total,IBT,Population density (people per sq. km of land area),EN.POP.DNST,,
,19.5147181,20.01414186,20.53166365,21.06873298,21.62616487,22.20082052,22.79592935,23.41319162,24.04833554,24.68888051,25.30847733,25.94945531,26.65350258,27.38439913,28.11740229,28.85788563,29.61259455,30.41071378,31.26222153,32.12948835,33.00319659,33.92519722,34.87865863,35.83767662,36.82830758,37.84489861,38.88668574,39.94209677,41.01683734,42.10809717,43.21485789,42.82054207,41.8598789,43.00036987,44.14600475,45.31662855,46.49158561,47.67644426,48.86622833,50.04627936,51.2767995,52.54164015,53.82908712,54.77139534,56.08500135,57.44509843,58.85014614,60.27276425,61.71154868,63.17307508,64.64811773,59.57255697,60.82252868,62.10893442,63.40415798,64.75732282,66.15900537,67.60760879,69.10536824,70.6012912,72.1497137,73.69046158,75.26038212,,,IDA total,IDA,Population density (people per sq. km of land area),EN.POP.DNST,,
,28.61381255,29.36687593,30.15435913,30.97115759,31.81907456,32.69576787,33.59647378,34.5278357,35.49454516,36.49366256,37.50287499,38.54607767,39.65387951,40.81548677,42.03620814,43.30604315,44.6310996,46.00979206,47.48200477,49.19949414,51.00859361,52.72459636,54.3619739,55.99304398,57.73952457,59.56349333,61.4369522,63.35211136,65.29576986,67.30917691,69.3540339,65.12789172,66.92877171,68.76107796,70.64958149,72.60024131,74.57001471,76.56946638,78.56529234,80.46009391,82.61115871,84.7083096,86.82720374,89.03983792,91.28260889,93.58163718,96.04557573,98.5976026,101.1773785,103.7940193,106.3603298,108.8094894,111.1498372,113.4824746,115.6430188,117.8856257,120.1936919,122.5746928,124.9825887,127.4580629,130.0533728,132.6373099,135.1806586,,,IDA blend,IDB,Population density (people per sq. km of land area),EN.POP.DNST,,
,50.11743902,51.54415783,53.02109441,54.55695833,55.95429931,57.29436566,58.80335455,60.41721049,62.11056653,63.84379019,65.59707988,67.36689225,69.16018426,70.96333291,72.77877642,74.61685444,76.47153629,78.35919285,80.28110092,82.22179656,84.17286387,86.14193876,88.12873971,90.1158244,92.06168406,93.93789089,95.77943662,97.62530015,99.47262871,101.2939594,103.1029648,104.9055482,106.7058783,108.5201389,110.3396816,112.1702987,114.0094476,115.8259344,117.5801476,115.0868726,116.695438,118.288281,119.8645702,121.3977856,122.9663455,124.6068093,126.2636154,127.9123689,129.5433111,131.1865936,132.8721744,134.5917272,136.2715728,137.8827053,139.4389346,140.9452677,142.3935832,143.7811527,145.1326889,146.3712836,146.2351077,147.3301752,148.5769223,,,Indonesia,IDN,Population density (people per sq. km of land area),EN.POP.DNST,,
,17.02592338,17.45597134,17.89965298,18.36021048,18.83818855,19.33023052,19.84175209,20.37310147,20.9175552,21.46002302,21.97305173,22.50401276,23.09762461,23.71062261,24.31016058,24.90584919,25.50454969,26.14386345,26.82558839,27.46029196,28.07814057,28.78295605,29.54934437,30.32453447,31.10841621,31.90416343,32.71846154,33.53870377,34.3757673,35.21479016,36.06533699,36.27064211,34.95575916,35.90295164,36.84391631,37.7996298,38.75560437,39.71603179,40.68374058,41.64892217,42.62537219,43.6604117,44.71826148,45.38750187,46.44667003,47.54974269,48.66461381,49.77784749,50.90424363,52.04997101,53.22658863,47.74362374,48.73160111,49.76591491,50.83542892,51.96935254,53.14763345,54.3664032,55.63964695,56.90334004,58.19958859,59.48907259,60.82428254,,,IDA only,IDX,Population density (people per sq. km of land area),EN.POP.DNST,,
,85.00175439,85.41754386,86.22982456,87.06140351,87.87719298,89.03333333,90.77368421,92.79122807,94.86666667,97.01754386,98.99473684,100.6438596,102.2035088,103.7526316,105.1912281,106.5789474,108.0105263,109.4701754,110.945614,112.4140351,113.3263158,113.4842105,113.3859649,113.2070175,112.9842105,113.5,115.0824561,116.9824561,118.9298246,120.9052632,122.4701754,123.4263158,124.1614035,124.8561404,125.4614035,126.3982456,127.9105263,129.5807018,131.2105263,132.7350877,134.1684211,135.5701754,136.9280702,138.2315789,139.5017544,140.8666667,142.3631579,143.9105263,145.5070175,147.145614,148.0385965,147.9561404,147.6157895,147.1789474,146.654386,146.4315789,146.6824561,147.0263158,147.2929825,147.4807018,147.554386,147.6,147.6578947,,,Isle of Man,IMN,Population density (people per sq. km of land area),EN.POP.DNST,,
,150.1971717,153.8021754,157.4532993,161.1836438,164.8532875,168.4185158,172.0732183,175.8101194,179.5648929,183.5954877,187.7096274,191.8754409,196.2422845,200.8083543,205.6072888,210.5018122,215.5264558,220.5470316,225.7359089,231.1840229,236.6805519,242.2695734,248.0072518,253.8941168,259.8716507,265.9399426,272.0752021,278.2677831,284.5561599,290.9239642,297.299399,303.6997535,310.1444533,316.5501589,322.9867731,329.5041548,336.0477339,342.6168795,349.1959219,355.8207625,362.5394189,369.165906,375.6244996,382.0783445,388.362776,394.485011,400.4708818,406.2743935,412.1918724,418.2314497,424.1992453,430.0682102,435.8381102,441.3701079,446.6665427,452.0209929,457.3059239,462.3515699,467.1851822,471.7551502,475.6520424,479.4255369,483.6790101,,,India,IND,Population density (people per sq. km of land area),EN.POP.DNST,,
,,,,,,,,,,,,,,,,,,,,,,,,,,,,,,,,,,,,,,,,,,,,,,,,,,,,,,,,,,,,,,,,,,Not classified,INX,Population density (people per sq. km of land area),EN.POP.DNST,,
,40.99869357,41.16780375,41.4087676,41.61053854,41.76658441,41.9335172,42.13165917,42.32181739,42.57003919,42.92713021,43.43228335,44.08259544,44.79532588,45.54362026,46.29917259,47.0031935,47.64407026,48.32486573,48.97300044,49.53984613,50.12338511,50.59950646,50.95950065,51.27628103,51.35842648,51.38176804,51.38709537,51.16778923,50.96543765,51.00847728,51.30258383,51.65379591,51.91262883,52.11766584,52.38555668,52.80171288,53.3338801,53.89310495,54.50407897,55.23550588,56.12197706,57.07572942,58.01307882,59.08349543,60.38487444,62.03499782,63.85457976,65.16974888,65.83502685,66.19473073,66.484018,66.76633764,67.11882712,67.61126433,68.25311366,69.13517201,70.07468428,71.09917259,72.23771229,73.1564378,74.18471476,75.66897953,77.10172739,,,Ireland,IRL,Population density (people per sq. km of land area),EN.POP.DNST,,
,13.58439917,14.00323375,14.43982232,14.89652189,15.37180309,15.85824185,16.34889855,16.84557025,17.35890002,17.89404209,18.43676846,18.98449066,19.54851421,20.13584752,20.75380842,21.38883015,22.06167944,22.79435583,23.59153712,24.4617525,25.77992583,27.18150065,28.2604773,29.34379405,30.44174034,31.58601943,32.7387049,33.81265134,34.81477566,35.84327464,36.82981593,37.56537673,37.6995647,37.77143226,38.19197856,38.60685429,39.07244652,39.61287053,40.18111385,40.77866537,41.41310261,41.75650004,42.22189887,43.1348486,44.10008534,45.06050431,45.80333996,46.36300253,46.94235185,47.53360962,48.12470714,48.73067855,49.37172205,50.03932132,50.72531374,51.45769051,52.40477904,53.07734854,53.65278767,54.06683698,54.51802034,55.17673097,55.84511988,,,"Iran, Islamic Rep.",IRN,Population density (people per sq. km of land area),EN.POP.DNST,,
,16.44958045,16.95103688,17.53190205,18.13010952,18.75332099,19.40028809,20.07195052,20.77192309,21.49977365,22.25943938,23.04183872,23.84746096,24.68360656,25.53389807,26.39330315,27.27130576,28.19362553,29.15919016,30.11263918,31.07664449,32.02410088,32.937977,33.93135103,35.00636303,35.8584951,36.7518234,37.77362188,38.66021675,39.70217893,40.19755813,40.62293481,41.84293619,43.90149073,46.04752727,47.6161145,49.16048426,50.70442189,52.32274504,54.04240574,55.84300706,57.61218191,59.46123191,61.28142991,63.05388573,64.95060932,65.42861879,64.91439056,66.23919336,69.20751059,71.48039694,74.05006447,77.48858445,81.27093622,84.19189502,86.51949425,88.61355867,90.61233784,92.75058047,94.88441481,97.01380923,99.21270357,101.5146408,103.8261558,,,Iraq,IRQ,Population density (people per sq. km of land area),EN.POP.DNST,,
,1.785825436,1.81923192,1.851900249,1.885117207,1.918064838,1.950822943,1.982553616,2.009855362,2.028618454,2.039281796,2.055840399,2.086154613,2.117875312,2.146723192,2.174354115,2.196049875,2.212458853,2.229795511,2.251720698,2.275690773,2.301795511,2.33276808,2.363860349,2.389137157,2.408029925,2.425735661,2.452458853,2.49117207,2.522214464,2.541905237,2.571541147,2.60405985,2.630673317,2.65357606,2.668009975,2.682453865,2.704518703,2.73363591,2.766892768,2.805037406,2.842573566,2.86805985,2.887990025,2.913456359,2.95994015,3.030244389,3.107890274,3.166224439,3.177047382,3.172478803,3.182184539,3.199162095,3.229566085,3.265695761,3.299900249,3.346024938,3.425436409,3.498175146,3.575949618,3.634463949,3.694535357,3.788584747,3.824883467,,,Iceland,ISL,Population density (people per sq. km of land area),EN.POP.DNST,,
,100.9704251,105.961183,109.935305,114.3715342,118.4380776,121.4879852,126.8484288,129.5286506,132.948244,137.4306839,141.8207024,145.4713494,151.4787431,156.0536044,159.6580407,163.2624769,166.9593346,170.5175601,174.9537893,179.2051756,182.8096118,186.2754159,189.6950092,192.1903882,195.6099815,198.6598891,201.8946396,205.2680222,208.780037,215.3419593,228.6968577,236.7375231,243.1146026,249.4916821,256.2384473,263.0314233,269.6857671,275.9242144,283.0406654,290.6192237,297.5508318,303.6044362,309.1358595,314.6487985,320.2449168,325.9565619,331.797597,337.7449168,345.9149723,352.2920518,358.8632163,365.5499076,372.435305,379.6534196,387.2504621,394.9168207,402.6478743,410.4805915,418.3918669,425.836414,433.0591497,441.6589649,455.12939,,,Israel,ISR,Population density (people per sq. km of land area),EN.POP.DNST,,
,171.8280575,172.9946279,174.2613308,175.7007582,177.1865969,178.5692428,179.8663765,181.0062562,182.0337629,182.999048,183.8546462,184.9013804,186.1596206,187.3818231,188.5043045,189.4470096,190.253344,190.9324504,191.4853252,191.8801911,192.1106899,192.2530618,192.322852,192.3658427,192.4214444,192.4319302,192.4515691,192.5445854,192.6890653,192.8504301,192.983989,193.1151168,193.2332155,193.2725851,193.2756554,193.329982,193.432294,193.4879603,193.5205093,192.5554346,192.6733611,193.054951,194.1010828,195.5517723,196.6964541,197.4849722,198.6901271,200.2285319,201.3927255,202.285309,202.9867678,203.5427231,203.9497528,203.9805051,203.6724345,203.2856404,202.9036176,202.4808128,201.9805456,200.9991005,199.9654163,199.5592689,199.4596781,,,Italy,ITA,Population density (people per sq. km of land area),EN.POP.DNST,,
,154.5024007,156.6880886,158.9195753,161.1789474,163.3602955,165.4178209,167.3928901,169.3227147,171.2951985,173.4253001,175.7828255,178.3510619,181.0913204,183.8325023,186.4248384,188.8807018,191.1963989,193.4289935,195.7050785,198.121699,200.7218837,203.4985226,206.3556787,209.100831,211.5102493,213.4926131,215.1258541,216.5999077,218.09012,219.7485688,221.6868883,223.8874423,226.2156971,228.5521699,230.8542013,233.0990766,235.2583564,237.279409,239.1315789,240.7964912,242.3271468,243.8201293,245.3022161,246.742844,248.1132041,249.3968606,250.5817175,251.6745152,252.7234534,253.7920591,254.8932595,255.9953832,257.0348107,257.9638966,258.7750693,259.456602,259.9966759,260.3967682,260.689843,261.379409,262.0204986,262.155494,262.2147738,,,Jamaica,JAM,Population density (people per sq. km of land area),EN.POP.DNST,,
,10.17215549,10.65904352,11.15949683,11.73662738,12.45965549,13.35403445,14.40597235,15.55371714,16.69424297,17.737568,18.64398232,19.43058704,20.1506573,20.84295104,21.52147552,22.19148912,22.88080236,23.61281732,24.40936083,25.3194243,26.35445376,27.5037058,28.75461242,30.08485947,31.49150045,32.97696056,34.53800997,36.18584542,37.96041478,41.04610154,44.3693223,46.77802584,49.274932,51.6931777,53.85421578,55.67221215,57.18817996,58.52543064,59.79650952,61.0487874,62.31747507,63.64535358,65.07058024,66.65980281,68.33167498,72.83965322,77.37111287,79.21425657,80.44326425,82.19241946,84.25798603,85.45986709,90.01812345,99.02804686,107.5099009,112.7096981,115.2762559,117.845303,120.1870735,122.364439,124.629547,126.7682839,128.8286709,,,Jordan,JOR,Population density (people per sq. km of land area),EN.POP.DNST,,
,256.4903191,258.8846469,261.5216798,264.2568857,267.1175348,269.5691301,272.3725116,275.4595037,278.7537497,281.982547,288.238342,292.3840698,296.5275505,300.4964539,304.4283765,307.7080491,310.7860262,313.6271834,316.2936681,318.8834289,321.1271834,323.5390497,325.7973785,329.2651494,331.4234778,333.1011791,334.8025233,336.1985738,337.5452551,338.6670324,340,341.2643993,342.372463,343.3296764,344.1360395,345.0123457,345.8353909,346.776406,347.4101509,347.9917695,348.8312757,349.6433471,350.3923182,350.5102881,350.5432099,350.7654321,351.1687243,351.3388203,351.2949246,351.3580247,350.7078189,350.1481481,349.6433471,349.1796982,348.8093278,348.6310014,348.345679,347.9039781,347.4156379,346.3950617,344.8054678,343.2784335,341.5445575,,,Japan,JPN,Population density (people per sq. km of land area),EN.POP.DNST,,
,,,,,,,,,,,,,,,,,,,,,,,,,,,,,,,,6.420204097,6.398669111,6.313209245,6.197183391,6.080685632,5.942605104,5.796119939,5.725033893,5.741787236,5.769363263,5.799413639,5.833011075,5.871081602,5.914774605,5.965002037,6.021859466,6.084574212,6.156182539,6.236548505,6.321443864,6.410381153,6.503130718,6.599357336,6.698584658,6.802089121,6.908890247,7.012900322,7.115440605,7.216400711,7.31325814,7.421050117,7.530504871,,,Kazakhstan,KAZ,Population density (people per sq. km of land area),EN.POP.DNST,,
,14.0348069,14.58219067,15.1596637,15.76683241,16.40734793,17.07456162,17.76550058,18.4819605,19.22144815,19.97538567,20.71353973,21.44649823,22.19987174,22.96460976,23.74050497,24.52405911,25.35196788,26.23981094,27.16496117,28.14502407,29.16946094,30.23188495,31.35673824,32.53137365,33.73821555,34.96792705,36.22324208,37.52366553,38.86290544,40.2232333,41.54779843,42.84088274,44.13182697,45.43193239,46.74025899,48.04478863,49.37584426,50.75738307,52.242696,53.84068946,55.55604948,57.33177777,59.12819869,60.9928225,62.89574446,64.84170503,66.83126999,68.88700671,70.99991391,73.09021858,75.12819517,77.11336929,79.04345328,80.91408089,82.45290087,84.00577714,85.56011945,87.01944939,88.4453895,89.89406867,91.61875945,93.39761495,95.26813712,,,Kenya,KEN,Population density (people per sq. km of land area),EN.POP.DNST,,
,,,,,,,,,,,,,,,,,,,,,,,,,,,,,,,,23.54223149,23.54941084,23.54050574,23.77713243,24.13158498,24.48603233,24.86452033,25.2368196,25.53890511,25.78244526,26.02035454,26.2946194,26.61477059,26.91678832,27.20736705,27.46811783,27.73059958,28.10032847,28.50395725,28.9185975,29.46859228,30.12069864,30.79169969,31.4913243,32.19675704,32.88162669,33.59790928,34.35980709,35.07088634,35.72066736,36.36715328,37.01642336,,,Kyrgyz Republic,KGZ,Population density (people per sq. km of land area),EN.POP.DNST,,
,31.56111489,32.27712441,32.98782008,33.68557671,34.40000567,35.13047813,35.87663721,36.63791072,37.41629844,37.61150011,37.50781781,37.80810107,38.18108996,38.42760027,37.28399615,34.75521754,32.11279742,29.52443349,28.82850668,29.45769318,29.93708928,30.79782461,31.92954339,33.11305801,34.23851688,35.60895649,37.1514276,38.5906073,40.07179356,41.77856334,43.54662361,45.96126785,48.8124915,52.34059597,56.75559143,61.19006345,65.55054385,68.31052005,69.48635282,70.60013596,71.71133016,72.82597439,73.93478359,75.03246658,76.13416044,77.2661908,78.41474054,79.61408906,80.87927714,82.14777929,83.40462271,84.66510877,85.94044867,87.22395196,88.50697371,89.80740426,91.05694539,92.19647632,93.36791298,94.75115568,96.16080331,97.44915024,98.70768185,,,Cambodia,KHM,Population density (people per sq. km of land area),EN.POP.DNST,,
,59.65802469,61.15802469,62.70493827,64.30617284,65.97407407,67.19135802,67.8962963,68.55432099,69.58024691,71,72.40987654,73.8,75.09135802,75.57901235,75.29259259,74.89012346,74.4037037,73.90617284,74.28641975,75.49135802,76.69259259,77.94320988,79.22098765,80.52839506,82.09382716,84.02345679,86.09012346,88.18148148,90.30493827,92.41358025,94.28024691,95.85308642,97.3345679,98.79135802,100.2888889,102.0037037,103.8851852,105.7493827,107.562963,109.3987654,111.5246914,113.9061728,116.2654321,118.6234568,121.0308642,123.4777778,126.0098765,128.6691358,131.4407407,134.2024691,136.6012346,138.6222222,140.5407407,142.3777778,144.2160494,146.2691358,148.4876543,150.7209877,152.9888889,155.6777778,158.4901235,161.0728395,163.617284,,,Kiribati,KIR,Population density (people per sq. km of land area),EN.POP.DNST,,
,158.0971429,155.6028571,152.6885714,149.5028571,146.1114286,142.5657143,138.8714286,134.9857143,130.66,127.4457143,126.3028571,125.8085714,125.3714286,124.9657143,124.5885714,124.2342857,123.88,123.4771429,122.9514286,164.8076923,164.2230769,163.5846154,162.8230769,161.9730769,161.0538462,160.0692308,159.0307692,157.9307692,156.7615385,155.5076923,155.2230769,156.5961538,158.6230769,160.6769231,162.7923077,164.9115385,167.0307692,169.2230769,171.5423077,174.0307692,176.0038462,177,177.6,178.1346154,178.6038462,179.1115385,179.6384615,180.1346154,180.4461538,180.1769231,180.3307692,180.8961538,181.0346154,181.1115385,181.1038462,181.0576923,180.9615385,180.8,180.5846154,180.2692308,179.8576923,179.65,179.8384615,,,St. Kitts and Nevis,KNA,Population density (people per sq. km of land area),EN.POP.DNST,,
,267.112513,274.8603566,282.6222994,290.111497,297.5811113,305.1583143,312.3676446,319.7004147,327.0191375,334.2403794,340.8947128,347.3502592,353.5470558,359.6544267,365.7549762,371.6413332,377.4807692,383.2592266,389.1171055,395.2288513,401.4435828,407.6959569,413.7508086,418.8882024,423.0328012,427.261808,431.4917064,435.7375803,440.0688161,444.4254924,448.8461953,453.5347502,458.1653328,462.7984657,467.4786544,471.9539809,476.4003732,479.8517831,483.2746942,487.3326871,489.6647095,492.2485381,494.7554752,496.6176307,497.5174084,499.9823699,502.3074494,505.7707805,508.0139604,509.8159671,513.8042803,515.8755832,517.6122698,520.8524992,523.5255477,525.3700725,526.7348067,528.9690115,530.3772746,531.1090061,530.4256045,529.4320594,529.8424078,,,"Korea, Rep.",KOR,Population density (people per sq. km of land area),EN.POP.DNST,,
,19.41329966,21.60465769,24.00078563,26.5496633,29.24657688,32.1318743,35.2462963,38.59236813,42.05679012,45.40482604,48.54523008,51.64713805,54.8627385,58.26857464,62.00129068,66.14539843,70.59612795,75.21430976,79.88294052,84.44343434,88.85667789,93.29292929,97.88411897,102.1710438,106.2986532,110.691358,115.2072952,119.7927609,124.437037,94.54652076,75.83608305,91.7486532,93.83563412,93.39848485,94.36099888,97.09573513,100.3189113,103.4961841,106.6234568,109.6918631,112.6891695,115.5989899,118.3996072,121.0617284,125.5212121,132.7010662,140.7343996,148.7890572,156.8734007,165.1723906,175.8032548,187.2676207,196.8487093,205.7169473,215.1837262,224.6967452,233.1544332,242.6214927,249.2882155,246.9285634,244.7174523,257.5557239,272.3580247,,,Kuwait,KWT,Population density (people per sq. km of land area),EN.POP.DNST,,
,10.99317944,11.30780039,11.63041814,11.95989256,12.29472506,12.6337866,12.9764742,13.32243751,13.67184901,14.0234524,14.37877713,14.73991883,15.10635464,15.47716998,15.85133669,16.22929028,16.61389952,17.00636727,17.40338094,17.80400298,18.20548989,18.6090705,19.01967681,19.43454129,19.84918021,20.26239161,20.67524077,21.08946161,21.50377907,21.91906529,22.33101123,22.7399919,23.14675382,23.54950853,23.95134132,24.35009394,24.7463613,25.18168276,25.57604271,25.95893255,26.32970326,26.69280073,27.04616726,27.39245824,27.73425434,28.07205583,28.40793435,28.74185572,29.07124124,29.39408462,29.71545985,30.03793704,30.3599904,30.673741,30.97897704,31.27503997,31.55860422,31.82471166,32.07688425,32.30515378,32.49617575,32.69760615,32.92816862,,,Latin America & Caribbean (excluding high income),LAC,Population density (people per sq. km of land area),EN.POP.DNST,,
,9.401195841,9.618327556,9.83995234,10.06423744,10.29549393,10.53329289,10.77866118,11.03282929,11.29531629,11.56716638,11.84847487,12.13890815,12.43749133,12.73726603,13.02218804,13.27935875,13.5135312,13.74237435,13.9870104,14.26591421,14.58678943,14.94811958,15.34229203,15.76188475,16.20444107,16.66687608,17.14736568,17.64558492,18.1584662,18.68264731,19.2162825,19.75583189,20.2992201,20.83717504,21.35792461,21.86168977,22.32240468,22.73945407,23.14031196,23.53211438,23.92323224,24.31061092,24.68780329,25.05037262,25.43120884,25.83708839,26.24019064,26.64198007,27.04350953,27.44451473,27.84484402,28.24513865,28.6455156,29.04320624,29.46986568,29.93415078,30.40791594,30.88407712,31.35890815,31.83073224,32.29286828,32.75133016,33.21054159,,,Lao PDR,LAO,Population density (people per sq. km of land area),EN.POP.DNST,,
,180.8488759,186.6645161,192.6017595,198.4890518,204.1868035,209.9960899,215.7117302,221.541349,227.5815249,233.2467253,239.1313783,245.330303,251.5087977,257.5938416,263.2640274,266.5170088,270.0053763,275.9219941,281.7825024,287.8556207,294.1330401,298.6247312,302.5411535,308.1861193,314.5040078,322.6163245,330.9437928,337.6978495,344.6026393,351.4345064,358.6424242,366.3119257,373.4747801,380.2345064,387.1686217,394.4067449,401.6036168,408.7273705,415.9606061,423.200391,430.2950147,436.3151515,442.3761486,449.58739,456.6082111,464.4316716,473.5208211,481.4617791,488.0045943,492.7945259,498.1446725,511.802737,561.430694,620.42913,632.6949169,618.0899316,602.1630499,584.957869,566.4314761,557.4191593,558.9562072,561.5336266,564.3688172,,,Lebanon,LBN,Population density (people per sq. km of land area),EN.POP.DNST,,
,12.12330772,12.42773048,12.74308555,13.06836586,13.4048588,13.7498235,14.10335341,14.46771179,14.8422446,15.22711794,15.61541736,16.01609219,16.44090532,16.88498754,17.34751869,17.8266196,18.33491487,18.87714909,19.44261836,20.02962002,20.62777201,21.23207018,21.87617317,22.56345515,23.26140988,23.96709925,24.68053364,25.40428779,26.14055233,23.08624377,20.31268688,21.51641404,22.37464701,22.32068106,22.5203696,23.17575789,25.0517961,27.72138704,29.29489203,30.3998858,31.30541944,32.13021179,32.38716777,32.77504153,34.27133513,36.24155939,38.09229651,39.66988164,40.93675249,42.1396387,43.82452243,45.40119394,46.41028862,47.38676287,48.37449128,49.37300664,50.34182932,51.33644103,52.36421304,53.46203281,54.6026059,55.78585963,57.02897633,,,Liberia,LBR,Population density (people per sq. km of land area),EN.POP.DNST,,
,0.884150971,0.921809109,0.960738034,0.996675836,1.025276493,1.050878639,1.078804119,1.109824727,1.144783864,1.183598554,1.223918751,1.265155097,1.315226139,1.382299351,1.461493345,1.546561601,1.637662685,1.734843198,1.837892858,1.946177978,2.058200439,2.11689703,2.113598441,2.144670198,2.215775146,2.28321209,2.347056049,2.408444821,2.468213283,2.526364277,2.582720484,2.637252918,2.689933164,2.74051002,2.788707844,2.834486855,2.878388101,2.92161815,2.96556941,3.01500449,3.071052093,3.130596633,3.193674483,3.260336793,3.329732771,3.398735465,3.469304477,3.543784171,3.61838094,3.692919172,3.605034839,3.511899701,3.583111495,3.652802437,3.712231038,3.769238551,3.829847574,3.892525887,3.950483081,4.004114143,4.05513657,4.10550769,4.152027803,,,Libya,LBY,Population density (people per sq. km of land area),EN.POP.DNST,,
,153.2622951,154.9262295,156.5885246,158.204918,159.8245902,161.4147541,163.1213115,165.0409836,167.0147541,169.1229508,171.4163934,173.7737705,176.2262295,178.8131148,181.5163934,184.3032787,187.1065574,189.8918033,192.6688525,195.557377,198.6327869,201.7819672,204.9901639,208.3065574,211.7360656,215.1459016,218.404918,221.3114754,223.7901639,225.995082,228.7213115,232.1590164,235.6163934,239.1639344,242.9639344,246.6163934,250.1131148,253.5688525,256.8885246,260.0262295,262.6836066,264.9852459,267.1737705,269.2442623,271.2295082,273.1786885,275.0131148,276.7344262,278.4737705,280.1737705,281.6409836,282.9295082,284.2114754,285.4721311,286.7295082,287.9442623,289.0852459,290.1918033,291.247541,292.2131148,292.6590164,293.0836066,293.9098361,,,St. Lucia,LCA,Population density (people per sq. km of land area),EN.POP.DNST,,
,11.19472931,11.50859492,11.8304542,12.15826413,12.49053333,12.82614076,13.16443343,13.50552935,13.84982513,14.19636117,14.54691838,14.90327985,15.26511286,15.63108112,15.99984221,16.37203205,16.75006675,17.13550019,17.52503151,17.91827942,18.31210903,18.70807884,19.11100041,19.51825479,19.92569612,20.3321796,20.7386577,21.14676806,21.55528206,21.96531803,22.37233042,22.77662284,23.17913346,23.57777881,23.97530472,24.37012246,24.76174652,25.18878863,25.57680229,25.95298024,26.31715279,26.67361752,27.02040014,27.36021954,27.69267869,28.02349675,28.35239253,28.67981779,29.00304804,29.32054043,29.63512771,29.95138391,30.26747459,30.57856334,30.87876548,31.1707724,31.45440823,31.72190363,31.9798811,32.18324299,32.36960743,32.56475066,32.78954429,,,Latin America & Caribbean,LCN,Population density (people per sq. km of land area),EN.POP.DNST,,
,15.11061569,15.48319535,15.86756706,16.26690057,16.68190472,17.10892723,17.5534304,18.01629925,18.49139718,18.96509527,19.41133862,19.87636354,20.4033619,20.9481578,21.47835321,22.00270479,22.52841016,23.09257873,23.69732461,24.25655262,24.8005399,25.43238541,26.12747497,26.8360166,27.55248747,28.27327731,29.00925442,29.75078224,30.50838293,31.27267234,32.04896616,32.91003948,31.74303222,32.620488,33.50129235,34.39410304,35.28967432,36.19933714,37.11354525,38.01574945,38.93226112,39.91332913,40.92025484,41.5649793,42.57333057,43.60780109,44.63153287,45.68257992,46.7705422,47.87050978,49.00786413,44.02049569,45.07896489,46.15799478,47.24666577,48.36924497,49.52377435,50.70510206,51.92617768,53.18300009,54.43427282,55.67827568,56.96495053,,,Least developed countries: UN classification,LDC,Population density (people per sq. km of land area),EN.POP.DNST,,
,12.58095272,12.88503466,13.20133347,13.53275802,13.87809247,14.23420949,14.60821443,14.99998062,15.40041933,15.81172817,16.23157883,16.6521124,17.09318786,17.55340304,18.01671918,18.4899208,18.95905763,19.47811719,20.02231296,20.46807857,20.869302,21.37239307,21.9517219,22.54532176,23.15041895,23.75878562,24.39380333,25.04788799,25.73152081,26.41087322,27.10442903,27.91790504,26.19178478,26.98133646,27.76184536,28.5862095,29.40622312,30.24701953,31.11727826,31.96761995,32.84294024,33.82102562,34.8403285,35.41338628,36.44891773,37.54989138,38.66779049,39.78967545,40.93768379,42.10747362,43.30169719,36.91732527,37.86292069,38.8073513,39.78728914,40.84213482,41.96467551,43.15091173,44.39843807,45.66707727,46.92244144,48.17760214,49.49718851,,,Low income,LIC,Population density (people per sq. km of land area),EN.POP.DNST,,
,105.48125,109.01875,113.08125,117.21875,119.96875,122.5625,126.09375,130.21875,131.775,132.125,135,138.325,142.40625,146.56875,149.0375,150.3625,152.7625,156.425,159.84375,159.45,160.45625,164.09375,165.2875,166.225,167.9875,170.2375,172.23125,174.675,176.98125,179.6375,182.55625,185.16875,188.05625,190.4375,192.35,193.95625,195.2,197.925,201.38125,204.03125,207.4625,210.5875,212.99375,215.29375,217.20625,218.98125,220.3875,221.70625,223.3875,225.1375,226.95,229.10625,231.15,232.8,234.3375,235.725,237.2625,239.0375,241.01875,243.13125,244.8875,246.83125,249.0375,,,Liechtenstein,LIE,Population density (people per sq. km of land area),EN.POP.DNST,,
,157.8595439,161.756562,165.7636741,169.8835433,174.0865093,178.3436135,182.7033647,187.1485887,191.5780258,195.935417,200.158029,204.2609632,208.2748525,212.1781694,216.0577898,220.0090895,224.0371711,228.1953118,232.4926487,236.77203,240.7815978,243.7660182,245.3961729,246.2423856,247.8736087,250.8572158,253.8124063,256.3964439,259.1063148,260.7631638,262.722915,266.9316536,271.5024398,275.4867326,280.0840057,285.5209376,290.993462,296.5396747,302.1006379,307.6551427,312.5556052,315.8308404,318.1553341,320.3253867,322.3811832,324.5480944,326.78273,328.9647265,330.9908308,332.946723,335.0191038,337.577069,328.2570563,331.3347154,338.8105278,342.6720308,346.6143183,350.284495,352.4316946,354.3323634,358.1635952,358.5677336,356.2398965,,,Sri Lanka,LKA,Population density (people per sq. km of land area),EN.POP.DNST,,
,42.91259303,43.97987942,45.07144336,46.19128944,47.31833147,48.44538906,49.60457429,50.79549941,52.00673834,53.26578073,54.5131071,55.7982136,57.1794816,58.61288494,60.08748459,61.57931561,63.11395925,64.67332395,66.31015844,68.0746067,69.88869392,71.72066715,73.57990344,75.47159161,77.40838836,79.38294235,81.3805541,83.39557868,85.43387116,87.6294749,89.72798504,88.12169087,90.12722024,92.18796985,94.24436055,96.31189586,98.39296999,100.4868069,102.5767524,104.6343867,106.779913,108.892488,110.986903,113.1141584,115.2116605,117.2972938,119.4053785,121.5067577,123.6319232,125.7957912,127.9618521,130.1133498,132.2571166,134.3822763,136.3883694,138.4214269,140.4327578,142.3868686,144.3178746,146.2601428,148.1387244,150.0128193,151.9879194,,,Lower middle income,LMC,Population density (people per sq. km of land area),EN.POP.DNST,,
,31.02179036,31.64735172,32.44893815,33.25729287,34.07865148,34.95150237,35.82727722,36.72970901,37.66545408,38.6258979,39.5947396,40.55062628,41.52242629,42.4914771,43.4432635,44.38455051,45.31953637,46.27247201,47.25232751,48.24840689,49.27150301,50.35086555,51.44721138,52.54218303,53.6594498,54.8077369,55.98755711,57.17743277,58.36778173,59.58591011,60.75478364,57.73437081,57.94731253,58.99718933,60.04104586,61.09189006,62.14125622,63.21320315,64.24964503,65.22183539,66.24308615,67.25442925,68.25277288,69.12891736,70.13594774,71.0509634,72.05582936,73.07524314,74.11125678,75.15424103,76.21288156,74.82005337,75.86451969,76.90156032,77.90911475,78.91886177,79.94352472,80.93999091,81.91358089,82.85123696,83.69894264,84.50497536,85.32814047,,,Low & middle income,LMY,Population density (people per sq. km of land area),EN.POP.DNST,,
,24.9942029,25.75144928,26.52743742,27.32005929,28.13208169,29.04710145,30.10480896,31.22875494,32.38478261,33.57289196,34.79071146,36.0363307,37.30886034,38.61725955,39.97506588,41.2784585,42.48903162,43.71673254,44.99897892,46.32809618,47.69660738,49.10184453,50.54061265,52.00876153,53.50391963,54.87938076,56.10638999,57.30701581,58.47944664,59.60790514,60.68442029,61.70204216,62.64140316,63.49496047,64.27658103,64.96765481,65.48517787,65.81189065,65.98267457,66.00503953,65.90424901,65.70088933,65.38402503,64.92519763,64.33056653,64.06663373,64.33689065,64.77407773,65.24647563,65.75266798,66.33758235,67.00770751,67.7372859,68.51413043,69.32183794,70.17200264,71.05105402,71.92368248,72.77355072,73.64054677,74.49084321,75.30006588,76.13544137,,,Lesotho,LSO,Population density (people per sq. km of land area),EN.POP.DNST,,
,44.291403,44.87014741,45.91038532,46.93387809,47.98554668,49.14712281,50.27402557,51.43242206,52.65373533,53.90119095,55.17401787,56.38207295,57.5520336,58.66392713,59.68698398,60.65614833,61.57180678,62.48955741,63.40189474,64.29689773,65.21212924,66.20889656,67.2021882,68.16021259,69.14795923,70.19448616,71.29655667,72.40370026,73.48599787,74.48597143,75.43670131,42.59407141,43.02836317,43.49757386,43.95181645,44.39231017,44.82493072,45.24238777,45.62833557,46.00989798,46.3489596,46.66400574,46.96157967,47.26020629,47.55403481,47.75064183,48.06197053,48.37670967,48.67672349,48.95084547,49.25734218,49.61999778,49.97155374,50.33531166,50.67322321,51.00302717,51.34137239,51.62203273,51.85693447,52.00757771,52.09686241,52.17935528,52.23393994,,,Late-demographic dividend,LTE,Population density (people per sq. km of land area),EN.POP.DNST,,
,,,,,,,,,,,,,,,,,,,,,,,,,,,,,,,,59.03181238,58.75260051,58.34626675,57.89888322,57.46032227,57.03792278,56.62621251,56.22587747,55.83178047,55.373612,54.93087109,54.48648692,53.87803127,53.00778558,52.1682993,51.55223357,51.02881532,50.46535301,49.4181412,48.31533012,47.69344545,47.24770642,46.88352753,46.46622506,45.93284059,45.37984707,45.01357177,44.89123283,44.87973491,44.85513496,45.23095968,45.87196486,,,Lithuania,LTU,Population density (people per sq. km of land area),EN.POP.DNST,,
,,,,,,,,,,,,,,,,,,,,,,,,,,,,,,,,,,,,,,,,169.4724331,171.5019849,173.3081889,175.4270799,177.9382861,180.681774,183.5868493,186.4441475,189.8067944,193.3543345,196.9162465,201.342029,206.2358708,211.0578529,216.0915299,221.2518353,226.0722637,231.6353721,236.1466094,240.827591,244.8742649,248.6206816,253.6854331,258.8620526,,,Luxembourg,LUX,Population density (people per sq. km of land area),EN.POP.DNST,,
,,,,,,,,,,,,,,,,,,,,,,,,,,,,,,,,42.01292044,41.19256914,40.5088145,39.93533354,39.48803574,39.09638903,38.72947434,38.41551095,38.04698925,37.55877674,37.12492969,36.76788211,36.36881097,35.97793562,35.6494287,35.35965096,34.98998827,34.41703762,33.70811706,33.09992447,32.69190223,32.34362897,32.04046475,31.77924374,31.49014094,31.21230334,30.97006123,30.75549199,30.53911297,30.2826611,30.20059457,30.27012695,,,Latvia,LVA,Population density (people per sq. km of land area),EN.POP.DNST,,
,8666.15,8890.5,9106.75,11282.75,13281.55,13147.1,13021.15,12896.65,12765.3,12869.8,12370,12252.5,12140,12027.5,11910,11780,11647.5,11620,11760,11982.5,12240,12732.5,13465,14142.5,14485,14802.5,15342.5,15800,16255,16747.5,17582.5,18545,19200,19840,20465,20755,20865,21115,21370,21530,16688.46154,16237.03704,16429.62963,16239.28571,16910.71429,17444.05594,17839.0411,18517.12329,18135.59322,18080.80808,18381.2709,18993.31104,19534.65347,20518.15182,21148.02632,21393.44262,21051.94805,20027.35562,20425.53191,20832.82675,20681.81818,20524.24242,20569.69697,,,"Macao SAR, China",MAC,Population density (people per sq. km of land area),EN.POP.DNST,,
,,,,,,,,,,,,,,,,,,,,,,,,,,,,,,,,,,,,,,,,,,,,,,,,,,,741.38,745.52,748.38,749,747.38,743.5,736.74,720.24,685.34,635.72,599.22,577.4,550.3,,,St. Martin (French part),MAF,Population density (people per sq. km of land area),EN.POP.DNST,,
,26.73093382,27.45237263,28.17919523,28.89923825,29.66162791,30.46346955,31.29492091,32.14567146,33.01128064,33.89669086,34.78788592,35.67838867,36.581378,37.49460453,38.42882814,39.3775084,40.36467847,41.40126596,42.47275151,43.60282994,44.78019494,45.9787542,47.18954963,48.38399731,49.54952498,50.64038315,51.65671521,52.65633879,53.6397356,54.61696393,55.56579431,56.49219807,57.39320188,58.25861976,59.15175667,60.06745911,60.97543581,61.89031593,62.79896706,63.68683621,64.56339458,65.42267981,66.25905221,67.11408918,68.02183285,68.94729554,69.87781313,70.81955411,71.76961237,72.747067,73.74543581,74.73726417,75.70596236,76.64077974,77.5433296,78.47514452,79.42279184,80.30419001,81.13577862,81.97223392,82.801797,83.64119202,84.5003473,,,Morocco,MAR,Population density (people per sq. km of land area),EN.POP.DNST,,
,10804.6374,10891.95856,11043.41391,11191.90923,11317.7109,11411.44549,11460.28614,11562.4075,11756.78342,11953.13271,12124.32166,12265.41687,12369.01825,12449.43266,12580.16774,12775.037,12961.51949,13125.30834,13266.89689,13380.36507,13464.7262,13596.94129,13793.78392,13989.14652,14174.14899,14352.73804,14526.88703,14692.1559,14841.63789,14976.81302,15108.53478,15237.78984,15360.63148,15478.53971,15593.98125,15706.46275,15817.95757,15918.59891,15989.14652,16011.34682,16007.4001,15995.0666,15971.38629,15938.33251,15890.47854,15814.99753,15706.46275,15705.96941,15966.45289,16360.63148,16746.91663,17124.32166,17487.41983,17823.38431,18133.69512,18389.73853,18588.06117,18822.89097,18800.69068,18771.58362,18487.04415,18680.90211,18692.89827,,,Monaco,MCO,Population density (people per sq. km of land area),EN.POP.DNST,,
,,,,,,,,,,,,,,,,,,,,,,,,,,,,,,,,103.8410492,103.3788168,103.0943114,102.6592971,102.4539577,102.1112425,102.1055067,101.9807913,101.8444824,101.6169865,101.381934,101.1320584,100.8469896,100.5668883,100.287778,100.0556619,99.86538796,99.73937411,99.77878482,99.72109318,99.67327595,99.57718425,99.51648849,98.75606783,97.61416583,95.90938838,94.25439467,92.75609357,91.74732605,90.36129773,88.05425358,85.43758473,,,Moldova,MDA,Population density (people per sq. km of land area),EN.POP.DNST,,
,9.021147299,9.258434501,9.500954363,9.749738625,10.00638993,10.27320391,10.55213055,10.84446986,11.15093717,11.47299068,11.81151426,12.16493792,12.53232452,12.91351584,13.3083468,13.7167366,14.13873508,14.57485985,15.02490112,15.48652199,15.95592908,16.43510507,16.92582453,17.42709014,17.94054063,18.4628005,18.99661416,19.55061045,20.12758882,20.73054132,21.35951439,22.01201981,22.69378719,23.40999759,24.16218145,24.95221481,25.77778657,26.63507927,27.51402483,28.40103518,29.28936789,30.17834199,31.07585721,31.9954053,32.94649895,33.92872201,34.93926987,35.98005296,37.05210304,38.14585411,39.22739109,40.32767212,41.43913716,42.56505328,43.7035098,44.8606944,46.0439584,47.25838089,48.50387418,49.76547955,51.03314369,52.31567721,53.61968374,,,Madagascar,MDG,Population density (people per sq. km of land area),EN.POP.DNST,,
,311.5,319.34,327.4066667,335.54,347.0066667,361.69,375.0933333,386.9166667,398.5466667,410.73,423.45,436.56,449.84,463.26,477.1933333,491.75,506.4333333,520.53,534.5333333,549.45,565.1066667,581.11,597.0933333,613.9933333,633.8966667,656.45,679.8133333,702.95,725.7933333,749.2066667,772.6733333,795.1433333,816.28,836.0733333,855.4966667,874.49,892.3566667,909.0766667,924.7066667,940.0633333,955.89,972.0533333,988.3033333,1004.71,1021.43,1046.17,1081.596667,1120.566667,1160.916667,1202.64,1245.58,1289.393333,1333.566667,1378.723333,1427.18,1477.693333,1527.623333,1576.996667,1625.77,1673.726667,1720.513333,1747.02,1765.080537,,,Maldives,MDV,Population density (people per sq. km of land area),EN.POP.DNST,,
,12.81237942,13.1540783,13.50906376,13.87804635,14.25849291,14.65416352,15.07303773,15.50260321,15.9488167,16.40947224,16.87342384,17.34854633,17.85136964,18.371876,18.92634762,19.51262935,20.11670641,20.74368339,21.39763814,22.0839813,22.79895465,23.53254945,24.29390474,25.08956657,25.90502754,26.73733143,27.58511108,28.4385126,29.30780823,30.30031812,31.16776425,32.08441202,32.97798023,33.8449886,34.70285137,35.56380615,36.43378622,37.31785901,38.21778406,39.12058136,40.03983253,40.96595346,41.92674845,42.93455713,43.972037,45.05397154,46.14845675,47.25957284,48.40200186,49.40625577,50.53104681,51.65539964,52.77827202,53.82669696,54.89545198,55.90684166,56.87313499,57.78092968,58.75806082,59.84115315,60.72504311,61.89360699,63.11601023,,,"Middle East, North Africa, Afghanistan & Pakistan",MEA,Population density (people per sq. km of land area),EN.POP.DNST,,
,19.49130276,20.12870701,20.79480697,21.48823221,22.20966434,22.95794954,23.72983256,24.52136269,25.32636848,26.14005144,26.96188585,27.79401116,28.63617068,29.48643175,30.34152113,31.19705342,32.05251833,32.91187839,33.77086088,34.62040382,35.43923866,36.23203272,37.02319504,37.81313614,38.60357211,39.3969171,40.19478433,40.99669796,41.79489287,42.60406389,43.43248129,44.26287147,45.09056663,45.91640989,46.74114818,47.55919751,48.3660624,49.16548522,49.95792433,50.73461354,51.49263047,52.23829008,52.97384964,53.7020659,54.43118599,55.17305795,55.95532807,56.77835747,57.61450706,58.450009,59.28316263,60.09321639,60.87788935,61.61900306,62.28159469,62.88811492,63.47902827,64.08277528,64.69455593,65.22752849,65.66431647,66.16071247,66.74027573,,,Mexico,MEX,Population density (people per sq. km of land area),EN.POP.DNST,,
,,,,,,,,,,,,,,,,,,,,,,,,,,,,,,,253.1555556,257.7111111,261.6277778,265.0666667,268.1444444,270.9722222,273.6611111,276.2055556,278.9,281.7,284.0166667,285.6944444,286.8833333,287.7277778,288.3666667,288.8444444,289.0833333,289.0555556,288.9944444,289.1333333,288.3722222,285.6611111,281.5611111,276.6444444,271.1111111,265.05,258.4944444,251.5833333,244.4833333,237.2555556,229.8166667,222.65,215.7055556,,,Marshall Islands,MHL,Population density (people per sq. km of land area),EN.POP.DNST,,
,34.49160531,35.17765601,36.07055382,36.96864738,37.87957437,38.84965354,39.81984105,40.81835932,41.85482726,42.91859593,43.99073539,45.04735373,46.11902003,47.18364479,48.22716497,49.25653123,50.27916491,51.31373276,52.37555605,53.47517498,54.61527419,55.80306012,56.99668083,58.18598376,59.39961338,60.64948454,61.93180737,63.22249016,64.50817593,65.82767306,67.08588008,62.90000417,64.00252915,65.102717,66.19679771,67.29083477,68.38394014,69.50282118,70.57100831,71.56018798,72.60925703,73.62709669,74.62066308,75.63405753,76.63532611,77.50386884,78.48702136,79.48667699,80.50139689,81.52028233,82.55292197,83.61898779,84.68681882,85.74546697,86.75861846,87.75767285,88.76024882,89.71239518,90.62215159,91.48313938,92.23422646,92.93617443,93.6440269,,,Middle income,MIC,Population density (people per sq. km of land area),EN.POP.DNST,,
,,,,,,,,,,,,,,,,,,,,,,,,,,,,,,,,79.92618954,78.91679119,78.35886748,78.58961856,79.14089658,78.52414471,78.9430987,79.32135273,79.68344475,80.01895399,79.43991349,79.54089658,79.28375934,78.85686197,78.42261109,78.59425287,78.14082442,77.66780333,77.17279937,76.81990484,76.51946868,76.23774782,76.03318795,75.82989691,75.58735131,75.28378271,74.90289453,74.39579699,73.59730373,72.84353688,72.62934179,72.47486122,,,North Macedonia,MKD,Population density (people per sq. km of land area),EN.POP.DNST,,
,4.492974865,4.55987756,4.627644055,4.696092412,4.766050369,4.837118809,4.909814045,4.985271966,5.062903318,5.143848089,5.227008908,5.313701964,5.40662192,5.50359862,5.603439628,5.704832034,5.811372819,5.925020693,6.044358665,6.171592129,6.304564043,6.441778739,6.584548308,6.72731214,6.863408977,6.991761119,7.114600185,7.23985281,7.375849663,7.522459617,7.673303338,7.829551135,7.994481187,8.168425409,8.347359837,8.529227415,8.725276391,8.949075964,9.201366181,9.473352511,9.762543538,10.07060376,10.39588507,10.7380072,11.09552365,11.46554143,11.84878994,12.24463567,12.65011105,13.06779928,13.49711848,13.89704308,14.3089314,14.76841066,15.23780887,15.72811529,16.23764414,16.7531532,17.26649538,17.79545481,18.34847852,18.90905515,19.47985724,,,Mali,MLI,Population density (people per sq. km of land area),EN.POP.DNST,,
,1016.40625,1012.1875,1007.96875,1003.90625,996.25,985,973.59375,962.1875,950.9375,945.78125,945.9375,945.15625,944.375,943.7375,950.69375,955.54375,959.28125,969.31875,979.19375,989.515625,996.81875,1018.43125,1032.8875,1033.103125,1051.4125,1069.128125,1076.515625,1085.390625,1096.00625,1106.78125,1137.015625,1148.80625,1160.3375,1171.240625,1179.434375,1187.203125,1196.221875,1204.021875,1211.18125,1219.021875,1228.2125,1237.403125,1245.56875,1253.9625,1261.98125,1266.5875,1271.0125,1279.309375,1288.990625,1295.3375,1300.8375,1312.5875,1327.53125,1354.628125,1388.1875,1420.328125,1459.70625,1512.196875,1574.725,1610.90625,1619.21875,1659.728125,1727.334375,,,Malta,MLT,Population density (people per sq. km of land area),EN.POP.DNST,,
,33.98503688,34.74113138,35.51949077,36.32113566,37.15064265,38.00302353,38.8750941,39.76751538,40.67863023,41.6088013,42.54861064,43.49898093,44.41409554,45.28899073,46.17401383,47.06492487,47.97864859,48.92275301,49.87690118,50.84188267,51.80827952,52.76335802,53.80346268,54.93055207,56.03762126,57.09654803,58.10140772,59.0643679,60.00339382,60.92549959,61.80823515,62.65927411,63.50403801,64.3497613,65.1916302,66.03246932,66.88006549,67.72009823,68.53096061,69.30079414,70.03571166,70.74188726,71.40678765,72.03448318,72.6067788,73.12521615,73.63974018,74.07018567,74.4840946,75.04574289,75.64759908,76.30321672,76.96248239,77.60402095,78.22786795,78.88675511,79.50201149,80.08617588,80.6507017,81.23021129,81.79800205,82.36442153,82.94206567,,,Myanmar,MMR,Population density (people per sq. km of land area),EN.POP.DNST,,
,15.47579738,15.87839823,16.29892819,16.73516349,17.18590774,17.65722677,18.15162624,18.66256207,19.18969315,19.73073063,20.27391411,20.83001195,21.41333429,22.01922678,22.66675779,23.34934097,24.04859288,24.77310324,25.52646436,26.31838771,27.14683229,27.99676042,28.87856135,29.80437427,30.75045212,31.71314397,32.69097471,33.67557219,34.6795531,35.89156704,36.91356008,37.94517162,38.97581566,39.9794776,40.97002488,41.95558043,42.94554174,43.95289256,44.97776598,45.98969132,47.00718304,48.03199706,49.10057416,50.22614674,51.38064944,52.56419196,53.72434093,54.90085766,56.14226889,57.3701971,58.58735989,59.771828,60.92400875,62.05800621,63.12998044,64.17181487,65.29842883,66.45968245,67.65700032,68.85416527,70.03993574,71.23797751,72.48761354,,,"Middle East, North Africa, Afghanistan & Pakistan (excluding high income)",MNA,Population density (people per sq. km of land area),EN.POP.DNST,,
,,,,,,,,,,,,,,,,,,,,,,,,,,,,,,,,,,,,,,,,,,,,,,45.7267658,45.78996283,45.87130112,45.96981413,46.05412639,46.12230483,46.20208178,46.28899628,46.37501859,46.44245353,46.49464684,46.54141264,46.57531599,46.59873606,46.5866171,46.47234201,46.36364312,46.35903346,,,Montenegro,MNE,Population density (people per sq. km of land area),EN.POP.DNST,,
,0.652228726,0.673011455,0.692345339,0.711003266,0.730999534,0.752051741,0.77353369,0.7948166,0.815724698,0.837042504,0.859530632,0.883279553,0.908276342,0.934479641,0.961780237,0.989987493,1.018615443,1.046547405,1.073166229,1.099452246,1.126284972,1.153754234,1.182012541,1.211258933,1.24173833,1.273695007,1.307192295,1.34177977,1.372710236,1.356247548,1.399307088,1.400889057,1.399170087,1.414850837,1.437824283,1.460159255,1.480995621,1.50171308,1.523041227,1.543388397,1.562421138,1.582632369,1.595417922,1.613703658,1.631713237,1.64830525,1.670573572,1.697117336,1.727881377,1.758579165,1.789252539,1.823536009,1.861618441,1.902782111,1.943717132,1.983525631,2.022094128,2.060156493,2.098350434,2.136237218,2.172536624,2.204639457,2.233651253,,,Mongolia,MNG,Population density (people per sq. km of land area),EN.POP.DNST,,
,,,,,,,,,,,,,,,,,,,,,,,,,,,,,,,96.50652174,98.21956522,99.89565217,101.5869565,104.7304348,112.4043478,123.0347826,133.3413043,143.2956522,148.6,147.7913043,145.1695652,142.2195652,138.9956522,135.5521739,131.9173913,128.1326087,124.2391304,120.2717391,117.5891304,116.5391304,115.726087,114.6913043,113.4304348,111.9869565,110.376087,108.6065217,106.6891304,104.6282609,103.3217391,102.1282609,100.1695652,98.13695652,,,Northern Mariana Islands,MNP,Population density (people per sq. km of land area),EN.POP.DNST,,
,8.691645261,8.862590605,9.041211628,9.225897149,9.418374069,9.617475012,9.82292276,10.03664005,10.25833694,10.49175462,10.75347415,11.05436939,11.38666039,11.74507617,12.1325784,12.54763473,13.00258781,13.5026959,14.02478318,14.4157036,14.71060683,15.0364582,15.3536738,15.66158092,15.95786897,16.23970345,16.30582416,16.27782751,16.41298354,16.65166586,16.97918309,17.31137109,17.86819604,19.11779674,20.2962054,20.97265953,21.55444187,22.05099825,22.55208169,23.05457031,23.57350009,24.10836746,24.6604377,25.22993082,25.82030189,26.43389583,27.07041761,27.74617361,28.47445891,29.24697347,30.07329663,30.94921794,31.85687708,32.79391007,33.75921565,34.76322516,35.81778911,36.90155396,38.002467,39.14607187,40.32121875,41.52730995,42.77214578,,,Mozambique,MOZ,Population density (people per sq. km of land area),EN.POP.DNST,,
,0.820963423,0.843294848,0.866811875,0.89158339,0.917665664,0.945141166,0.973942951,1.003918696,1.034980111,1.067047638,1.099934025,1.133554866,1.167980984,1.203248278,1.239283982,1.276157951,1.313445231,1.351230232,1.390082468,1.43013777,1.471695935,1.514675463,1.558888134,1.604436791,1.651408751,1.699655574,1.749310178,1.800581158,1.846364607,1.893740177,1.949876783,2.025938682,2.109564374,2.182452702,2.243152227,2.287947997,2.339483846,2.400942078,2.465992044,2.535598137,2.598971573,2.657082565,2.718585427,2.783219171,2.851517415,2.923896381,3.000930436,3.088453478,3.186618803,3.289963132,3.398477734,3.511238964,3.623089163,3.733883768,3.847830601,3.96493354,4.085184826,4.208484525,4.334634714,4.463113418,4.593843019,4.730413311,4.872844669,,,Mauritania,MRT,Population density (people per sq. km of land area),EN.POP.DNST,,
,335.3482759,344.9995074,354.1187192,362.7492611,370.9359606,378.7256158,386.1660099,393.3068966,400.1995074,406.8965517,413.4137931,419.7305419,426.0192118,432.5330049,439.408867,446.5551724,453.8812808,459.8517241,467.9251232,475.8812808,482.9862069,488.926601,493.4438424,498.6310345,502.7231527,506.5812808,510.3852217,513.9108374,517.862069,521.5640394,527.2246305,534.2073892,540.5783251,548.2,552.9344828,558.6187192,565.6571429,571.6359606,578.9492611,584.6665025,589.3039409,593.4093596,597.7192118,601.4793103,605.0512315,607.879803,610.6551724,612.8674877,614.4970443,615.9605911,627.1427141,628.8843265,630.4091137,631.551327,632.3880821,632.8227341,633.3935904,633.7391087,633.9434151,633.9579369,634.1181773,632.2098147,625.2613921,,,Mauritius,MUS,Population density (people per sq. km of land area),EN.POP.DNST,,
,39.40956725,40.37236954,41.37151039,42.39822868,43.44672253,44.52615613,45.64077217,46.78674162,47.95485787,49.15086975,50.39705134,51.70211073,53.07528638,54.53263683,56.08153373,57.73635978,59.55645948,61.62634705,63.94515274,66.45660798,69.11809504,71.90155919,74.79538608,77.77694103,80.82846839,83.86168859,87.96323717,92.84325414,97.32944421,101.2500212,104.4147964,107.4997773,109.0795927,107.8160161,107.6592809,109.8030123,112.0283729,114.476835,117.1807807,120.0248409,122.9641281,126.0123038,129.2063428,132.5916101,136.1904009,139.9947073,144.000244,148.2437102,152.6918541,157.2598961,161.9115613,166.6268244,171.4235893,176.2997242,181.2217543,186.2297306,191.3419071,196.5218604,201.8005091,207.190157,212.6353203,218.166398,223.8489818,,,Malawi,MWI,Population density (people per sq. km of land area),EN.POP.DNST,,
,24.84992543,25.50653477,26.18219449,26.87081418,27.56477857,28.2595891,28.9365363,29.60061178,30.27726982,30.98098311,31.72562167,32.49683458,33.28449551,34.0919373,34.91679805,35.76349718,36.63281997,37.52292497,38.43513012,39.51716025,40.78284279,42.10256582,43.48168315,44.92165272,46.42294324,47.96962106,49.54112616,51.12343631,52.70125399,54.27840816,55.82853143,57.32634911,58.81194339,60.32703089,61.87977172,63.46092528,65.0592543,66.67695328,68.28650434,69.90660782,71.60717699,73.36014914,75.11673109,76.87345001,78.63664891,80.40757571,82.1743692,83.91434789,85.60273322,87.21891949,88.75982042,90.2840694,91.84070918,93.42911886,95.06254147,96.75752549,98.48012175,100.1703455,101.7823649,103.1488601,104.3445412,105.6018658,106.9130969,,,Malaysia,MYS,Population density (people per sq. km of land area),EN.POP.DNST,,
,11.14535374,11.32141916,11.48998014,11.65600142,11.80872481,11.95372511,12.09259601,12.22097895,12.34544523,12.4928591,12.67203626,12.80950833,12.93566044,13.06042466,13.19584163,13.32652664,13.46336532,13.60590466,13.75533838,13.89240504,14.03285346,14.17053465,14.30173194,14.42719642,14.55599598,14.69213711,14.83022007,14.97122067,15.12600827,15.3036004,15.50800249,15.72137361,15.92655928,16.12095122,16.3115198,16.50044498,16.69681307,16.88697927,17.07636812,17.2615411,17.43486753,17.60007765,17.75267653,17.91783275,18.08417513,18.26025488,18.43508058,18.62769126,18.79666317,18.96133387,19.11561815,19.27427298,19.42635702,19.58559606,19.74172249,19.90428522,20.05277859,20.18797195,20.31179424,20.40908838,20.65126476,20.79658599,21.01166269,,,North America,NAC,Population density (people per sq. km of land area),EN.POP.DNST,,
,0.732508594,0.74792479,0.764723245,0.782871163,0.802339394,0.823106074,0.845443282,0.869125096,0.894119933,0.920535899,0.948127634,0.977054258,1.006848134,1.037690243,1.070135675,1.101150263,1.130955071,1.150589707,1.169484629,1.192087843,1.205529036,1.227159324,1.260201144,1.294791629,1.332325183,1.373854899,1.418563325,1.469343731,1.565605072,1.66320859,1.719544753,1.77497844,1.832521955,1.890347265,1.94605789,1.999420617,2.051845644,2.104659355,2.157645544,2.208999259,2.255642605,2.295630944,2.329026224,2.358928203,2.388686854,2.419424504,2.451869936,2.486433699,2.523283412,2.562658359,2.607009681,2.665711961,2.735983675,2.808413803,2.883916967,2.962762817,3.044920988,3.130521444,3.219392924,3.314460275,3.413800726,3.509895663,3.599090236,,,Namibia,NAM,Population density (people per sq. km of land area),EN.POP.DNST,,
,4.514277899,4.668161926,4.816739606,4.956345733,5.096225383,5.241794311,5.393161926,5.54928884,5.735722101,5.981291028,6.264442013,6.560776805,6.870076586,7.191028446,7.519803063,7.773030635,7.910229759,8.008315098,8.103501094,8.195678337,8.2845186,8.369857768,8.479376368,8.620514223,8.765536105,8.911269147,9.061816193,9.217833698,9.410776805,9.652954048,9.914551422,10.17899344,10.44075492,10.70098468,10.96165208,11.21630197,11.46389497,11.70935449,11.95443107,12.20448578,12.45661926,12.70437637,12.94737418,13.17571116,13.36876368,13.54195842,13.71580963,13.88539387,14.07275711,14.30973742,14.58112691,14.8595733,15.14343545,15.38424508,15.49059081,15.50454048,15.51126915,15.51099562,15.51455142,15.54573304,15.60251641,15.70694748,15.85722101,,,New Caledonia,NCL,Population density (people per sq. km of land area),EN.POP.DNST,,
,2.848473988,2.93243862,3.018767664,3.107139812,3.197043499,3.288500829,3.381692587,3.47646404,3.572846767,3.671173127,3.770604721,3.872144154,3.97715718,4.0853817,4.197536117,4.314330149,4.436501145,4.565352491,4.70163101,4.844060156,4.990926028,5.141495224,5.296158522,5.455096708,5.619686587,5.791277335,5.969171864,6.152797032,6.343080445,6.541453383,6.747375069,6.961106024,7.184644351,7.419482119,7.66916318,7.929937633,8.197654535,8.479839741,8.776672456,9.086310887,9.410789453,9.749067656,10.10261625,10.47275282,10.85986579,11.26437278,11.68675298,12.12750849,12.58678061,13.06452593,13.55986658,14.08128918,14.62058735,15.17005526,15.7412947,16.33042788,16.9222752,17.51643562,18.11617352,18.72393858,19.3432857,19.98261072,20.65198311,,,Niger,NER,Population density (people per sq. km of land area),EN.POP.DNST,,
,50.49497678,51.56657773,52.67364428,53.81382347,54.99386673,56.20325,57.41632355,58.66770205,59.98431437,61.36987165,62.82012363,64.34308113,65.96850906,67.72197591,69.62330226,71.65146964,73.82170032,76.11859416,78.50307103,80.99151377,83.52065066,86.05762267,88.31896088,90.61172744,93.21560108,95.78263777,98.36919969,101.0354865,103.7924108,106.6360607,109.4899503,112.4024397,115.4210931,118.5103967,121.6766341,124.8995674,128.1934978,131.5878367,135.1025176,138.7644455,142.5854991,146.5485128,150.6446677,154.8766922,159.2248899,163.6827454,168.2831681,173.0349199,177.9257815,182.9692304,188.1700078,193.4633607,198.7872273,204.109616,209.3523919,214.5917191,219.8739298,225.0170241,230.0093778,234.9618246,239.9390472,245.0134458,250.2091033,,,Nigeria,NGA,Population density (people per sq. km of land area),EN.POP.DNST,,
,15.26052019,15.72477979,16.20540967,16.70413827,17.22354163,17.76483297,18.32779624,18.9117168,19.51469171,20.13515872,20.77301812,21.38588998,22.014941,22.70296659,23.40820176,24.1303889,24.86732591,25.59675918,26.29653482,27.02678245,27.80184477,28.57524514,29.33589829,30.07399036,30.80005817,31.52864384,32.25996344,33.00914077,33.79155725,34.5899867,35.39668439,36.20596643,37.00957288,37.80385574,38.58177663,39.30508559,39.96653648,40.58214226,41.16684394,41.73702011,42.27875187,42.79465681,43.30200266,43.81678577,44.391765,45.0295413,45.68092903,46.34031079,47.00516038,47.6769985,48.35508559,49.03844939,49.72448895,50.41126807,51.10035732,51.79213894,52.48654645,53.18331394,53.87782117,54.55598305,55.21639521,55.93031411,56.70278378,,,Nicaragua,NIC,Population density (people per sq. km of land area),EN.POP.DNST,,
,344.7485782,349.6945794,354.4421209,359.2156398,364.1804502,368.9647808,373.1694609,377.0651955,381.456872,386.212263,390.8322571,394.804295,398.0841825,401.2161137,404.8085012,407.9987263,410.4320201,412.9650474,415.8255332,419.1291469,422.014455,423.9540877,425.5648697,427.2574348,429.2545024,431.6433057,434.3909064,437.2065758,439.8372927,442.876481,446.3802725,449.7679502,452.9137441,455.6527844,457.9089455,460.0265995,462.4007701,465.2609301,468.3675355,471.7272808,475.3015403,478.3450533,480.6072867,482.2801836,483.4084123,484.1854562,485.2398104,487.1324941,490.0796917,492.5998814,495.0496441,496.8849941,498.7958445,500.5938854,503.1162162,505.8008316,508.8,511.7797446,515.1432729,518.013068,520.7319275,525.7196911,530.9509059,,,Netherlands,NLD,Population density (people per sq. km of land area),EN.POP.DNST,,
,9.883256125,9.962978173,10.03859612,10.11471509,10.19364589,10.27535565,10.36167329,10.44914085,10.53462069,10.6114351,10.68611394,10.76815499,10.84374281,10.91122099,10.97160528,11.0231845,11.06987384,11.11221813,11.15012704,11.18600169,11.22455673,11.26585789,11.30321648,11.33515951,11.36915596,11.40978086,11.46330946,11.52513936,11.57281434,11.61271095,11.66817799,11.73571914,11.80578189,11.87319436,11.9349914,11.99564127,12.06086068,12.13288651,12.2162527,12.29579952,12.35817974,12.4250063,12.49809716,12.57217093,12.65808884,12.76044781,12.89317005,13.05486743,13.22054846,13.38626233,13.56103865,13.74032975,13.91208868,14.07044491,14.20793848,14.33542438,14.45257626,14.54888964,14.6479975,14.76721523,14.84700909,14.98099487,15.15249952,,,Norway,NOR,Population density (people per sq. km of land area),EN.POP.DNST,,
,72.15661538,73.57423776,75.03369231,76.5481958,78.13574126,79.78118881,81.48752448,83.2606014,85.08416783,86.96636364,88.88154545,90.83286014,92.83383916,94.88416084,96.99786713,99.1443986,101.3928322,103.7740909,106.2279021,108.762972,111.3456154,113.9719371,116.7071259,119.4772168,122.2216224,124.9519161,127.6259091,130.3402867,133.2713776,136.5354755,140.1153846,144.1238252,148.113,151.8704825,155.5625105,159.034,162.3738671,165.5969021,168.7076853,171.2348029,174.0268434,176.6932752,179.2030555,181.4904499,183.5330171,185.3186257,186.8747262,188.2806906,189.5572724,190.7356261,191.5904709,192.0817231,192.4659644,193.0405999,194.0957726,195.0154308,195.4046599,195.88203,198.2146076,202.0688804,205.6156958,207.2928915,207.1476386,,,Nepal,NPL,Population density (people per sq. km of land area),EN.POP.DNST,,
,238.7,248.95,261.3,275.75,291.6,302.15,306.75,316.4,329.05,335.5,338.1,340.6,343.3,346.15,349.35,353.2,358.15,364.9,373.4,382.45,391.95,402,410.8,418.85,427.55,437.1,447.3,458.25,469.5,481.1,492.5,501.05,505.1,506.85,508.25,509.15,509.85,509.9,509.35,508.4,506.5,504.1,502.95,503,502.45,501.7,501,500.45,500.8,502.15,504.9,513.35,525.85,537.1,547.7,557.5,566.2,573.85,579.35,582.15,585.45,590.05,593.75,,,Nauru,NRU,Population density (people per sq. km of land area),EN.POP.DNST,,
,9.189548441,9.426151684,9.615282367,9.818844708,9.982150317,10.16254605,10.34560024,10.43674756,10.53055334,10.67449014,10.83513729,11.02844556,11.24643956,11.48342258,11.70901219,11.81307204,11.84991075,11.85370856,11.80737534,11.82218678,11.86776043,11.98625195,12.15031712,12.25589609,12.33185219,12.32881395,12.43553226,12.46971251,12.52971782,12.64593065,13.2737078,13.41270746,13.56651855,13.74805363,13.9508564,14.17340777,14.36063955,14.48862557,14.56496145,14.65079184,14.73738179,14.99563252,15.29451977,15.5235274,15.69974555,15.89229425,16.0411682,16.17788918,16.34043523,16.52310964,16.64957654,16.74110364,16.87022901,17.15278569,17.50560176,17.90323193,18.28111352,18.61152254,18.87622954,19.26398542,19.31031864,19.299305,19.74858532,,,New Zealand,NZL,Population density (people per sq. km of land area),EN.POP.DNST,,
,23.34766057,23.67284356,23.99777577,24.32444762,24.64207017,24.94728523,25.2466265,25.54006415,25.83501806,26.12660327,26.47100213,26.7803191,27.07993702,27.37239737,27.65592194,27.92250233,28.18824941,28.45576996,28.72673926,28.99575094,29.25975621,29.51035804,29.75716953,29.99457676,30.23169607,30.47324982,30.71771114,30.96733396,31.23157069,31.51089836,31.81569886,31.94773925,32.12139966,32.39142384,32.65334806,32.90949333,33.16455268,33.41092253,33.65780894,33.8635487,34.11399036,34.36676821,34.61767522,34.86790315,35.11475416,35.37141683,35.62430843,35.92067598,36.18077226,36.42525229,36.62112009,36.84861211,37.06395662,37.29148418,37.52353078,37.75070979,37.97639219,38.20295958,38.42624994,38.57256078,38.83563184,39.02857251,39.29023935,,,OECD members,OED,Population density (people per sq. km of land area),EN.POP.DNST,,
,1.744277868,1.776869144,1.812042003,1.850006462,1.890907916,1.934746365,1.981641357,2.031657512,2.084830372,2.141130856,2.200707593,2.263628433,2.330142165,2.413531502,2.516523425,2.632313409,2.763534733,2.908898223,3.066610662,3.235050081,3.416219709,3.61123748,3.817315024,4.031392569,4.282649435,4.566781906,4.84974475,5.132691438,5.415922456,5.699366721,5.982142165,6.262481422,6.532067851,6.726442649,6.851463651,6.969066236,7.07825525,7.180901454,7.279189015,7.373605816,7.464352181,7.551340872,7.637466882,7.770019386,7.947663974,8.125347334,8.304277868,8.486361874,8.674180937,8.909357027,9.941075929,11.46076252,12.38744103,12.93195153,13.52147011,14.18700162,14.66040711,14.85582229,14.83438126,14.61226817,14.54094992,15.28344426,16.31427787,,,Oman,OMN,Population density (people per sq. km of land area),EN.POP.DNST,,
,23.70394348,24.14996869,24.60260899,25.05301781,25.48852501,25.89748362,26.28131808,26.67075774,27.08268873,27.52245164,27.99637052,28.49234413,28.98822071,29.45683869,29.9478201,30.48873669,31.06747841,31.6469081,32.2361546,32.83213086,33.41777433,34.00907591,34.58834243,35.17033878,35.805203,36.47894635,37.17450629,37.89240763,38.65669845,39.46702594,40.26869206,34.18798116,34.3648976,35.57376793,35.80917623,36.20278696,36.68212309,37.16827409,37.21486837,37.32820026,37.98963088,38.65492848,39.16374737,39.80632,40.22385986,38.69276027,39.16363125,39.64640787,40.10966539,40.55822153,40.97831396,41.41586027,41.6913811,42.14445434,42.62147727,43.08816921,43.70226579,44.1414058,44.67480121,45.16740628,45.62047229,46.19533427,46.64358157,,,Other small states,OSS,Population density (people per sq. km of land area),EN.POP.DNST,,
,60.86716091,62.46903279,64.14458281,65.89871186,67.72650737,69.632974,71.62563304,73.69565561,75.83662697,78.04939679,80.23025503,82.48131227,84.91842051,87.45263465,90.10633951,92.9071373,95.8668366,98.98736379,102.4764412,106.7494422,111.3040279,115.5682415,119.6395172,123.4497406,127.4248716,131.8062007,136.3775387,141.0397714,145.7251829,150.6791926,155.7446114,160.2672893,164.772879,169.6088665,174.5826238,179.7388595,184.8949305,190.0715494,195.3162321,200.9121095,206.609209,211.7353531,216.7785492,222.195413,227.6011986,233.0877568,239.3280809,245.821805,252.148887,258.4566301,264.3032184,269.389691,273.8091246,277.9481203,281.8738105,285.5682713,289.6351793,294.3764166,299.3992567,304.8486742,310.6550968,316.1330778,321.0674748,,,Pakistan,PAK,Population density (people per sq. km of land area),EN.POP.DNST,,
,15.60223298,16.07884046,16.57417272,17.08454399,17.60606672,18.13812214,18.67941889,19.22850417,19.78592951,20.35337638,20.93194781,21.51900726,22.11043853,22.7054883,23.30359161,23.90281141,24.50286521,25.10507129,25.71364003,26.33217649,26.96284638,27.60655098,28.26346516,28.93169222,29.60606672,30.28416734,30.96542911,31.64982513,32.33548561,33.03178639,33.74044929,34.4543449,35.1775491,35.90995426,36.64994619,37.3988028,38.15839387,38.92808717,39.7070487,40.49460586,41.29051655,42.09502287,42.90835351,43.73358892,44.56585956,45.39983858,46.24011299,47.08969599,47.94701372,48.80999462,49.68395211,50.56841539,51.45721012,52.5108068,53.42734754,54.35895845,55.29825958,56.18576436,57.08681585,57.87626045,58.57919925,59.32559989,60.10729307,,,Panama,PAN,Population density (people per sq. km of land area),EN.POP.DNST,,
,8.183689844,8.425478125,8.673514844,8.928107813,9.188347656,9.454138281,9.725635937,10.00311953,10.28653672,10.54784141,10.81098984,11.10167734,11.39286484,11.68480625,11.97965391,12.27875703,12.58578594,12.90317109,13.22901484,13.56324141,13.90531641,14.25508047,14.61402891,14.98024688,15.35015938,15.71650156,16.0799375,16.44898594,16.82233516,17.19903984,17.56544922,17.92682813,18.29201797,18.65741641,19.02259297,19.38372734,19.74542734,20.10788672,20.45820625,20.77994609,21.06609453,21.31891953,21.54725781,21.75952344,21.95404687,22.12850859,22.28960859,22.43675078,22.57563359,22.72345234,22.89381719,23.08622344,23.29524922,23.52798906,23.795,24.11444844,24.47237266,24.9199875,25.35101797,25.65513984,25.90303281,26.15268594,26.44188828,,,Peru,PER,Population density (people per sq. km of land area),EN.POP.DNST,,
,96.53530812,99.65646081,102.8456079,106.0921076,109.3854892,112.7109569,116.0776504,119.4875008,122.9155737,126.1389526,129.1445685,132.1282103,135.1109211,138.0808914,141.2644666,144.8887816,148.8008921,152.8499883,156.9812624,161.128685,165.381249,170.0228293,175.0498709,180.1864071,185.1729081,189.9757756,195.0481135,200.3523225,205.4709059,210.8014421,215.924637,221.1024751,226.4836201,231.4763088,236.5973975,242.1110172,247.8747359,254.1872891,260.7682094,267.0469766,273.0036154,278.5957306,284.1729047,289.7491498,295.1871818,300.194473,305.4471744,310.8934333,316.5450917,323.0946272,329.5053627,335.9677768,342.3427441,348.0133146,353.1978133,357.969343,362.6109032,367.1237448,371.6157997,375.8971862,379.3170004,382.2126237,385.3211222,,,Philippines,PHL,Population density (people per sq. km of land area),EN.POP.DNST,,
,,,,,,,,,,,,,,,,,,,,,,,,,,,,,,,33.94347826,34.75869565,35.59130435,36.45652174,37.38043478,38.37826087,39.36521739,40.26956522,41.08913043,41.69130435,42.06956522,42.39782609,42.73695652,43.08695652,43.08478261,42.59347826,41.96086957,41.32391304,40.67173913,39.99130435,39.3,38.61956522,38.36521739,38.51086957,38.63043478,38.68913043,38.72173913,38.72608696,38.69130435,38.67826087,38.65869565,38.60652174,38.53695652,,,Palau,PLW,Population density (people per sq. km of land area),EN.POP.DNST,,
,4.518233008,4.623766727,4.728560703,4.83223292,4.937110807,5.047418628,5.161710021,5.279342402,5.403274743,5.532897584,5.667139955,5.804071899,5.941414565,6.078414963,6.215651636,6.353678841,6.492794683,6.632765093,6.773265468,6.914967098,7.059618867,7.208168087,7.361288257,7.519317228,7.682144592,7.849651106,8.02133772,8.196528729,8.382453738,8.604162434,8.880972044,9.200854569,9.541297531,9.893141368,10.25543877,10.62880581,11.01418319,11.4083602,11.81233273,12.22687806,12.6494612,13.08131211,13.52293645,13.97350395,14.43250673,14.90023407,15.3763746,15.86141854,16.35480723,16.85625359,17.35491322,17.84522811,18.33391777,18.8213598,19.30673056,19.7891578,20.26832575,20.74485051,21.2185002,21.67501215,22.1103564,22.53051495,22.94226693,,,Papua New Guinea,PNG,Population density (people per sq. km of land area),EN.POP.DNST,,
,97.82885501,98.95360606,100.270985,101.6665578,102.6639786,103.4346534,104.4342127,105.4381632,106.2662836,106.6450096,107.0341833,107.9227203,108.9072448,109.9575533,111.0555323,112.1691861,113.2555748,114.1584773,115.0779229,116.1453198,117.2045676,118.2881615,119.4025531,120.4875575,121.4596787,122.2897222,122.9816351,123.4923994,123.939825,124.4271181,124.8692187,125.2527572,125.5718698,125.8371217,126.0080251,126.1039211,126.1864899,126.2316138,126.2211336,124.9098208,124.8753665,124.8175389,124.7536899,124.6440832,124.5893154,124.5144522,124.446853,124.4719523,124.5644606,124.2092007,124.2962969,124.3000588,124.2291107,124.1442732,124.0615696,124.008253,124.0237304,124.0315838,124.0255954,122.5484206,120.8152859,120.2971316,119.7876155,,,Poland,POL,Population density (people per sq. km of land area),EN.POP.DNST,,
,10.92901082,11.19255148,11.46808312,11.7549609,12.05304848,12.36104291,12.67946757,13.01097182,13.35711335,13.7175331,14.08904118,14.46965988,14.87407419,15.30283163,15.7459614,16.20005064,16.67234696,17.19156748,17.73671758,18.24964854,18.70296384,19.18727001,19.7307429,20.29581682,20.87760354,21.46028744,22.05282923,22.64287435,23.25644115,23.86584683,24.46689841,25.1617541,25.8113778,26.68227997,27.53182851,28.27763742,29.02839191,29.85450527,30.72093439,31.59307011,32.50040861,33.48485342,34.50462293,35.48545897,36.5442093,37.60534338,38.64365668,39.77104402,40.9856817,42.20631559,43.4697163,39.27122533,40.45814352,41.65145793,42.83440747,44.04070425,45.27959821,46.53925139,47.81156454,49.10049531,50.3932144,51.6806949,53.00758422,,,Pre-demographic dividend,PRE,Population density (people per sq. km of land area),EN.POP.DNST,,
,270.5436302,276.2482525,282.3596392,287.9443067,292.4464487,295.9408117,298.2721533,300.1199549,302.6099211,306.4261556,311.4081172,317.6162345,324.5531003,331.37531,337.5422773,343.1627959,348.2175874,352.8095829,357.1688839,361.4430665,365.5639233,369.4986471,373.2962796,377.0225479,380.7215333,384.3916573,388.0326945,391.6457723,395.2254791,398.7598647,401.5907554,404.1912063,407.6095829,411.413416,415.2314543,419.916009,423.8365276,426.2797069,428.4195039,429.6059752,430.5269448,431.0824126,431.3523112,431.4405862,430.8187148,428.9981962,426.4932356,423.9984216,421.692221,419.8945885,416.399549,412.7446449,409.4055242,404.1732807,398.5532131,392.3824126,384.5363021,370.9909808,372.3439684,369.9651635,367.8388952,363.038106,361.194363,,,Puerto Rico (US),PRI,Population density (people per sq. km of land area),EN.POP.DNST,,
,99.58236857,101.8427207,104.3688813,107.0489993,109.7863051,112.6907566,115.9235113,119.3056723,122.6444232,126.00926,129.3286023,132.672278,135.7891122,138.4695706,140.9439,143.2061291,145.2769537,147.2966946,149.3519641,151.4557429,153.652479,155.9368574,158.2429532,160.5767212,162.9464995,165.3588157,167.8056889,170.2778922,172.7793954,175.3354123,177.9639399,180.6404036,183.3182626,185.9810232,188.267619,190.1482103,191.9344739,193.6015613,195.1465742,196.54439,197.7855494,198.8536916,200.0695955,201.4362844,202.6113529,203.6750021,204.6871771,205.6691139,206.6135039,207.5181297,208.436791,209.3823437,210.3600282,211.3716635,212.4022091,213.4235196,214.4149904,215.3570883,216.2414417,217.060975,217.8600947,218.6599535,219.4020762,,,"Korea, Dem. People's Rep.",PRK,Population density (people per sq. km of land area),EN.POP.DNST,,
,97.58815301,98.29491803,98.69240437,98.74715847,98.34530055,97.60644809,96.98928962,96.57540984,95.71262295,94.86809836,94.46727869,94.32163934,94.35081967,95.67612022,99.38218579,102.2492896,103.3407104,104.4617486,105.5875956,106.7356503,107.6651585,108.3253661,108.8291257,109.2484372,109.5476831,109.6473661,109.6178251,109.5039344,109.3442623,109.1062077,108.8550273,108.7704262,108.9035519,109.1969945,109.575694,109.9884699,110.480623,111.0403934,111.6702514,112.4579016,113.2537923,113.8757486,114.3040546,114.5777158,114.8281404,115.0353996,115.2614409,115.4277577,115.3864723,115.4394585,115.2697893,114.8034065,114.1561287,113.5417704,113.0725196,112.7163842,112.4418158,112.261936,112.2885828,112.406676,113.1135105,113.9049578,115.4751893,,,Portugal,PRT,Population density (people per sq. km of land area),EN.POP.DNST,,
,4.851230808,4.966347848,5.089124088,5.218019129,5.349048578,5.480956456,5.612871885,5.744754594,5.877150768,6.010641832,6.147840423,6.292174679,6.446267304,6.608660961,6.774850239,6.943961742,7.117729675,7.297430154,7.485446766,7.684960987,7.897316889,8.12028442,8.351542915,8.590324692,8.836322678,9.090042789,9.350337277,9.616274855,9.8862371,10.15793355,10.43132142,10.7062673,10.98086081,11.25451045,11.52732444,11.79849736,12.06748553,12.33331236,12.59283916,12.83883212,13.05735968,13.24270828,13.40658445,13.56198087,13.71280393,13.8564007,13.99291719,14.12930783,14.27444249,14.44241379,14.63535364,14.84270828,15.05775233,15.27765165,15.50239869,15.72898565,15.95434181,16.17765417,16.39833375,16.62154291,16.82401712,17.07135966,17.28267194,,,Paraguay,PRY,Population density (people per sq. km of land area),EN.POP.DNST,,
,,,,,,,,,,,,,,,,,,,,,,,,,,,,,,328.6126246,343.6619601,359.4004983,375.8598007,393.0727575,411.0740864,429.8998339,449.5877076,461.2239203,473.1612957,485.4074751,497.9707641,510.8593023,524.0812292,537.645515,551.5607973,565.8362126,580.4810631,596.6739203,612.8071429,628.9303987,645.0142857,661.1292359,677.1940199,693.2554817,709.317608,725.4299003,740.0008306,758.9845515,778.2900332,797.8852159,817.0537759,837.1140249,857.3900415,,,West Bank and Gaza,PSE,Population density (people per sq. km of land area),EN.POP.DNST,,
,14.92593064,15.35841553,15.80534521,16.25964047,16.72192173,17.17608972,17.59288896,17.98999364,18.39527521,18.79632517,19.18356666,19.56244034,19.93587337,20.3245307,20.73827553,21.17962138,21.64522749,22.1251034,22.62542157,23.13833917,23.66466752,24.20077951,24.74202991,25.29522749,25.86150175,26.41636971,26.92068088,27.38157811,27.82214445,28.24700923,28.06123053,28.46409657,28.86523364,29.25244548,29.62277259,30.0053271,30.44613707,30.91680685,31.37521807,31.8111215,32.22892523,32.63665109,33.03102804,33.419081,33.80107477,34.17858255,34.55186916,34.90247664,35.24074766,35.66042056,36.15107477,36.63433022,37.1173053,37.6065109,38.09951713,38.59492212,39.1270304,39.62601715,40.04140296,40.46020265,40.92740452,41.40372564,41.92087295,,,Pacific island small states,PSS,Population density (people per sq. km of land area),EN.POP.DNST,,
,25.29419634,25.5994401,25.89874626,26.19610792,26.48414338,26.75420879,27.0124307,27.26330557,27.51460317,27.76432613,28.07374325,28.33685896,28.58479236,28.82380758,29.0500714,29.2535824,29.45387802,29.65534452,29.86605546,30.06934591,30.2710078,30.45410022,30.62629984,30.78831375,30.94888005,31.11687468,31.29048911,31.47117987,31.66590757,31.87064213,32.09934443,31.3177118,31.44202483,31.62189517,31.79144837,31.96712062,32.13539995,32.2947224,32.45139766,32.57789304,32.73624316,32.90448054,33.07008664,33.24219879,33.40983557,33.59315178,33.79349232,34.01575431,34.19083969,34.35174617,34.45549627,34.60609294,34.7434498,34.88971426,35.04549182,35.19624123,35.33032165,35.45584833,35.57685227,35.64503811,35.83359008,35.86066711,35.98387782,,,Post-demographic dividend,PST,Population density (people per sq. km of land area),EN.POP.DNST,,
,23.34262295,23.84180328,24.51830601,25.36147541,26.23415301,27.13661202,28.07486339,29.05819672,30.08497268,31.15027322,32.22540984,33.30218579,34.39808743,35.50819672,36.62431694,37.73606557,38.88333333,40.11502732,41.41229508,42.75163934,44.1273224,45.53169399,46.92622951,48.21557377,49.45027322,50.72923497,52.0352459,53.33142077,54.54726776,55.67650273,56.76065574,57.80300546,58.80300546,59.76448087,60.68797814,61.60901639,62.60136612,63.63142077,64.64344262,69.24142898,70.32469029,71.38432728,72.49697494,73.65427831,74.76433305,75.83491789,76.76116393,77.32036877,77.63785653,77.95447998,78.2849323,78.67588591,79.14952463,79.62748487,80.05358686,80.43157591,80.6934601,80.61509651,80.39008931,80.44050706,80.60847018,80.77729761,80.99049265,,,French Polynesia,PYF,Population density (people per sq. km of land area),EN.POP.DNST,,
,3.417743325,3.844099914,4.339362618,4.898105082,5.518087855,6.218087855,7.014556417,7.902583979,8.873815676,10.02153316,11.31317829,12.61894918,13.93979328,15.27665805,16.63109388,18.00620155,19.40439276,20.82756245,22.27993109,23.76511628,25.28449612,26.8335056,28.39870801,29.96365202,31.51937984,32.93901809,34.19509044,35.42325581,36.6620155,37.91343669,39.17769165,40.45279931,41.73514212,43.01972438,44.30017227,45.56580534,47.41602067,50.00344531,52.75624462,55.5546081,58.39147287,61.25796727,64.1414298,66.60913006,71.09457364,83.79250646,104.0994832,122.9059432,138.5790698,139.2620155,139.9449612,148.3581395,165.0668389,187.2711053,204.0519582,215.5885988,221.5683203,224.6069626,229.6481288,243.1808529,218.0078329,231.2735422,231.1603133,,,Qatar,QAT,Population density (people per sq. km of land area),EN.POP.DNST,,
,80.55591734,81.08253017,81.60914301,82.13565165,82.62384301,83.42211513,84.80612139,85.95915169,86.86785187,87.91524703,88.83201789,89.68462707,90.45619953,91.29733872,92.4441391,93.56444387,94.4520969,95.30026917,95.90382912,96.41087957,97.04380481,97.57636971,97.94424763,98.29185986,98.69323174,99.14405227,99.6328471,100.1027264,100.9873905,101.1634402,100.2403687,99.33881286,99.20369563,99.03799834,98.84644211,98.54916347,98.26156929,98.03277146,97.87473868,97.70132341,96.34743807,94.53384957,93.82181344,93.26846957,92.70234368,92.15479607,90.83901866,89.33394954,88.53119621,88.01074114,87.53324934,87.20126511,86.87429031,86.53068063,86.12489569,85.63224531,85.13871262,84.63999478,84.19527121,83.73283206,83.11047896,82.79077712,82.84536683,,,Romania,ROU,Population density (people per sq. km of land area),EN.POP.DNST,,
,,,,,,,,,,,,,,,,,,,,,,,,,,,,,,,,9.062760838,9.059999158,9.059576481,9.059246824,9.046311567,9.030986131,9.014594934,8.982804172,8.949015709,8.911633753,8.870461463,8.830278652,8.794658032,8.761088894,8.734394184,8.71946398,8.716095689,8.718720244,8.722635522,8.732938284,8.754935894,8.781020915,8.807374242,8.832012222,8.854894739,8.871857687,8.878259765,8.881629457,8.868919885,8.838487574,8.807356534,8.782272192,,,Russian Federation,RUS,Population density (people per sq. km of land area),EN.POP.DNST,,
,125.933482,129.1457236,132.0993109,135.1777057,138.7600324,142.7493312,147.1251317,151.7636806,156.5168626,161.356668,166.1955411,171.0715444,176.1267531,181.3631131,186.774544,192.3775436,198.1451155,204.1009728,210.3583705,216.9946899,224.0466153,231.5179976,239.3721524,247.5730442,256.0692339,264.7702067,273.5911228,282.4511958,291.2325091,298.9585326,305.1060397,311.44167,323.5156871,275.3284151,230.0007296,271.9401702,314.3590596,327.5914471,330.2761248,332.9522092,335.917876,340.5018241,348.0695176,357.3913255,367.0258614,376.9455209,387.1071342,397.4166599,407.8002432,418.2226591,428.6069315,438.9907175,449.6692339,460.671139,471.8290231,483.1448318,494.6112687,506.2017025,517.8801378,529.6245237,541.3563032,553.3453587,565.6453587,,,Rwanda,RWA,Population density (people per sq. km of land area),EN.POP.DNST,,
,155.066292,158.8640553,162.7223122,166.6704141,170.5847672,174.4233601,178.3677404,182.4061207,186.4588821,190.7212372,194.8936939,199.1551477,203.8086263,208.6495765,213.6688447,218.7715403,223.9987038,229.233549,234.6301437,240.2703903,246.0118239,251.8849603,257.871977,263.9660161,270.1421042,276.4065802,282.7103251,289.0397111,295.4539746,301.9275741,308.4116409,314.9717752,321.5811901,328.8293867,335.460893,342.1739261,348.930003,355.7316977,362.5566361,369.3620226,376.2178031,382.9159987,389.4133458,396.0618713,402.3154007,408.3793055,414.2822533,419.9867449,425.758542,431.6121155,437.4085784,443.1377851,448.5469248,453.9764768,459.3250348,464.6220576,469.8232284,474.800737,479.6552272,484.3347994,488.4315721,492.3693839,496.7645623,,,South Asia,SAS,Population density (people per sq. km of land area),EN.POP.DNST,,
,1.175214566,1.219203699,1.264992162,1.312732534,1.362415511,1.414104824,1.468696417,1.527062507,1.589584545,1.657201736,1.732357224,1.816876852,1.910202866,2.011281627,2.119508859,2.236570389,2.364549307,2.503571213,2.653265355,2.813427517,2.986733436,3.174637273,3.373947406,3.580659072,3.79207188,4.013899213,4.247214249,4.479327252,4.711560271,4.949872307,5.191792305,5.436447116,5.682615633,5.931106346,6.181935535,6.433955128,6.68698417,6.941552038,7.197351711,7.525606948,7.92737418,8.331857151,8.739291247,9.149914639,9.564118547,9.982436537,10.40536682,10.83313268,11.26564947,11.15439296,11.6723188,12.17331848,12.85022678,13.16900251,13.87008452,14.39937758,14.41014984,14.04680721,13.98517879,14.67770237,14.32038247,14.96737855,15.67794938,,,Saudi Arabia,SAU,Population density (people per sq. km of land area),EN.POP.DNST,,
,,,,,,,,,,,,,,,,,,,,,,,,,,,,,,,,,,,,,,,,,,,,,,,,,,,,19.76615525,20.22797056,20.78336081,21.42635493,22.08773662,22.86633084,23.67804925,24.38339133,25.0477682,25.73175803,26.43648073,26.78950268,,,Sudan,SDN,Population density (people per sq. km of land area),EN.POP.DNST,,
,17.84851711,18.35914403,18.88472446,19.42832286,19.99578248,20.59055212,21.21160339,21.85418896,22.51583649,23.19808861,23.90206202,24.62801122,25.37360931,26.12287436,26.85716512,27.57265881,28.25299434,28.92066691,29.62081234,30.36221887,31.1492235,31.97922921,32.84944684,33.75766893,34.71296421,35.72529995,36.78143666,37.86224484,38.96643121,40.10036358,41.25634966,42.42660884,43.61028411,44.7934244,45.95699891,47.0940321,48.21843349,49.35829221,50.54218563,51.77509998,53.04597725,54.36147094,55.68574248,57.00775983,58.35699372,59.73143926,61.13511661,62.58224173,64.08034592,65.62828131,67.30845583,69.13465434,71.21409131,73.50595751,75.79769906,78.08923804,80.37709448,82.65983483,84.93700722,87.20313198,89.44510985,91.6797538,93.89483717,,,Senegal,SEN,Population density (people per sq. km of land area),EN.POP.DNST,,
,2540.895522,2612.238806,2679.104478,2748.656716,2816.268657,2887.164179,2951.641791,3002.985075,3048.507463,3096.279104,3153.58209,3212.537313,3273.134328,3328.059701,3377.014925,3422.835821,3470.597015,3512.835821,3557.462687,3602.902985,3780.350746,3949.949254,4001.583582,4077.941791,4083.51791,4079.661194,4141.476119,4247.922388,4374.479104,4547.958209,4679.228358,4821.937313,4945.479104,5103.056716,5260.456716,5478.662687,5665.728358,5861.51194,5908.541791,6011.771642,6176.137313,6186.592593,5989.557496,6047.407837,6191.236575,6342.024496,6602.300719,6913.422857,7125.104286,7231.811966,7363.193182,7524.6983,7636.721358,7714.702398,7806.77292,7908.720733,7882.377809,7897.305322,7965.878492,7918.951253,7595.495822,7851.005571,8241.849582,,,Singapore,SGP,Population density (people per sq. km of land area),EN.POP.DNST,,
,5.105823508,5.223329761,5.34437299,5.469274741,5.597927831,5.730367989,5.867988567,6.01221865,6.162057878,6.308645945,6.453626295,6.609289032,6.780064309,6.968238657,7.171989996,7.402429439,7.660521615,7.932440157,8.215541265,8.50785995,8.808681672,9.117541979,9.434369418,9.759306895,10.0912826,10.42665238,10.76863165,11.12057878,11.47845659,11.84119328,12.20928903,12.58324402,12.96316542,13.35030368,13.74537335,14.14823151,14.55784209,14.97216863,15.38049303,15.73665595,16.04590925,16.35123258,16.65430511,16.95644873,17.25902108,17.56320114,17.86909611,18.17756342,18.51164702,19.04137192,19.7550911,20.49324759,21.25562701,22.04030011,22.84440872,23.66484459,24.49703466,25.3340836,26.01454091,26.59871383,27.24512326,27.90518042,28.58181493,,,Solomon Islands,SLB,Population density (people per sq. km of land area),EN.POP.DNST,,
,31.92334442,32.45001385,33.00440565,33.58811305,34.20152397,34.8384317,35.49991687,36.18082571,36.87122472,37.57669715,38.28237739,38.99124411,39.71952064,40.46077861,41.21165143,41.96203935,42.7452757,43.57878914,44.43750346,45.33234968,46.25852037,47.21783042,48.23560543,49.30393461,50.40784151,51.65392075,53.05788307,54.50979496,55.88857024,58.14391798,58.82885841,57.72188972,57.59393184,57.81525353,57.89940427,58.17691881,58.93205874,59.51489332,59.82326129,61.2858271,65.01407592,68.87551953,71.73298698,74.19945968,76.22211139,77.92277639,79.65297866,81.66697146,83.89645331,86.21105569,88.49059296,90.76032142,93.01816293,95.26717927,97.5014547,99.8244389,102.2346772,104.662829,107.1209615,109.6225824,112.1446661,114.6689803,117.2140759,,,Sierra Leone,SLE,Population density (people per sq. km of land area),EN.POP.DNST,,
,137.6506475,141.4486331,145.2603837,149.2509832,153.4516067,157.8398561,162.3589448,166.9435492,171.5340528,175.9614388,180.2169305,184.5002398,188.8761631,193.2695923,197.6234532,203.2002896,207.5895753,212.071139,216.2349421,219.1304054,220.5887548,223.0925193,227.189527,231.5638514,236.2309846,240.9637548,245.7741795,250.7641409,255.7422297,260.6045367,265.2064189,269.5757239,273.1639479,275.7784266,278.0951255,280.1778958,282.0742278,283.8214768,285.4198842,286.8419884,288.0337838,288.9300676,289.5076737,289.8007239,289.8444981,289.6872104,290.0494208,290.9892375,291.9053571,292.8691602,293.9250483,295.0760135,296.2760135,297.4399131,298.4399614,299.2664093,299.8809363,300.1837355,300.3049228,300.9012066,301.9199807,303.1041988,304.5185328,,,El Salvador,SLV,Population density (people per sq. km of land area),EN.POP.DNST,,
,263.3166667,269.7166667,276.3333333,282.95,288.4166667,292.05,294.8,297.6833333,300.4333333,302.8,306.9833333,313.1166667,316.5333333,317.1666667,317.4333333,318.5,333.6166667,350.4333333,355.3333333,359.75,364,367.5833333,370.4833333,372.4333333,374.75,377.2666667,378.1,380.7166667,385.9,391.25,396.6166667,402.0833333,407.8666667,413.7166667,419.3,424.7,430,435.4166667,440.9833333,446.65,452.3833333,458.1833333,464.05,490.95,497.2666667,503.0666667,520.1833333,527.7,551.1,554.5,543.6666667,557.8166667,550.6833333,544.25,548.2833333,551.6833333,563.75,575.3666667,577.7166667,579.5,570.8666667,562.5833333,564.3333333,,,San Marino,SMR,Population density (people per sq. km of land area),EN.POP.DNST,,
,4.705668378,4.830061848,4.958014793,5.089418816,5.225035866,5.36408646,5.506642331,5.653377754,5.80389422,5.959205534,6.117402047,6.279586827,6.448802882,6.618168776,6.786646794,6.959243791,7.14771894,7.675091657,8.686066567,9.462419103,9.536852425,9.570312749,9.880495425,10.24705742,10.66931648,11.11803488,11.52214429,11.53339497,11.34124558,11.29022699,10.8613511,10.35340804,10.65036344,11.20093888,11.61253387,12.04207288,12.4725428,12.99999522,13.53661332,14.08919087,14.66269168,15.22310549,15.7955128,16.38823923,16.96723946,17.49530079,18.0485574,18.59132847,19.06653649,19.54563076,19.6844295,19.8634871,20.51454395,21.26357478,22.00874008,22.87234992,23.77758313,24.6317579,25.55387987,26.54253037,27.53121274,28.37679249,29.26421876,,,"Somalia, Fed. Rep.",SOM,Population density (people per sq. km of land area),EN.POP.DNST,,
,,,,,,,,,,,,,,,,,,,,,,,,,,,,,,,,,,,,,,,,,,,,,,84.74238509,84.39948548,84.04095587,83.70463069,83.3688086,82.7408987,82.34046421,81.94092156,81.54341413,81.12717814,80.70343014,80.27507432,79.8376858,79.41041619,82.04454751,81.27394458,79.25376382,78.76302771,,,Serbia,SRB,Population density (people per sq. km of land area),EN.POP.DNST,,
,11.57846297,11.86562558,12.16388497,12.47433283,12.7969745,13.12933642,13.47351112,13.83247684,14.20593935,14.5934438,14.99163149,15.3989391,15.82926389,16.28239466,16.74853668,17.22773708,17.71404887,18.23705876,18.79388971,19.35292132,19.94087934,20.56557815,21.18406677,21.79983323,22.44047653,23.09807556,23.77581631,24.46119105,25.15677611,25.86704319,26.57696826,27.30407979,26.60801676,27.32502408,28.05934278,28.82128043,29.58864016,30.38546036,31.20589705,32.04603701,32.91447748,33.81171409,34.73648566,35.44519946,36.42669223,37.43621676,38.47851988,39.55842798,40.66646943,41.80264148,42.96410225,39.5318926,40.62952381,41.746309,42.88253856,44.03016761,45.2000307,46.40921996,47.63030305,48.86740236,50.1196504,51.37884178,52.65998413,,,Sub-Saharan Africa (excluding high income),SSA,Population density (people per sq. km of land area),EN.POP.DNST,,
,,,,,,,,,,,,,,,,,,,,,,,,,,,,,,,,,,,,,,,,,,,,,,,,,,,,17.02125235,17.67011378,17.77898343,17.57720159,17.13813555,16.23463675,16.01914294,16.49452313,16.92982925,17.19459434,17.4405029,18.17190828,,,South Sudan,SSD,Population density (people per sq. km of land area),EN.POP.DNST,,
,11.58032795,11.86754125,12.16585012,12.4763478,12.79904058,13.13145444,13.47568145,13.8346997,14.2082148,14.59577172,14.99400467,15.40136921,15.83172703,16.28489939,16.75109808,17.23034771,17.71671205,18.23972807,18.79657292,19.35562031,19.94360333,20.56830664,21.18677726,21.80254862,22.44320346,23.10080773,23.77867436,24.46404615,25.15963578,25.86990352,26.57985865,27.30696966,26.61084206,27.32792575,28.06228029,28.82425384,29.59163941,30.38851425,31.20900679,32.04916251,32.91758751,33.81492337,34.73963056,35.44829297,36.42978254,37.4393668,38.48166774,39.56164252,40.66967613,41.80593921,42.96726608,39.53482754,40.63250652,41.74932923,42.88562287,44.03328223,45.20317134,46.41237552,47.63347095,48.87058122,50.12283845,51.38286827,52.66398156,,,Sub-Saharan Africa,SSF,Population density (people per sq. km of land area),EN.POP.DNST,,
,12.97424045,13.24201439,13.51642988,13.78850848,14.05403417,14.30984168,14.55335577,14.79648618,15.04648487,15.29835686,15.55421959,15.80612936,16.04639243,16.27669752,16.5120707,16.76936054,17.04079823,17.31282438,17.588778,17.87187378,18.15110265,18.43203465,18.70973912,18.98953763,19.29137376,19.60664753,19.91991154,20.23430904,20.56098599,20.89666108,21.19038824,20.1338702,20.27324164,20.64974233,20.81198142,21.0341213,21.29135471,21.55291394,21.6540011,21.77635874,22.0951703,22.41566199,22.67904066,22.94749366,23.08880827,22.89695748,23.13979746,23.38533997,23.61687707,23.85615258,24.09208492,24.33402222,24.54339886,24.79399708,25.05220209,25.30673345,25.59702041,25.87452222,26.157554,25.89776522,26.12970476,26.4041389,26.64214857,,,Small states,SST,Population density (people per sq. km of land area),EN.POP.DNST,,
,71.56979167,72.29479167,73.03333333,73.81770833,74.66666667,75.6,76.6625,77.88020833,79.253125,80.86041667,82.63541667,84.41770833,86.24791667,88.2,90.32083333,92.62708333,95.10520833,97.70208333,100.2625,102.65,104.8072917,106.7791667,108.7291667,110.8270833,113.1854167,115.78125,118.665625,121.8114583,124.978125,128.1041667,130.934375,133.4479167,135.903125,138.2625,140.515625,142.66875,144.7104167,146.615625,148.3770833,150.01875,152.4739583,156.16875,160.2229167,164.2760417,168.3739583,172.5395833,176.7708333,181.034375,185.2635417,189.3770833,193.384375,197.3322917,201.1958333,204.965625,208.6364583,212.1760417,215.59375,218.9447917,222.2833333,226.4947917,231.209375,235.734375,240.490625,,,Sao Tome and Principe,STP,Population density (people per sq. km of land area),EN.POP.DNST,,
,1.699551816,1.76883825,1.850591383,1.925397805,1.993674942,2.063048599,2.134970423,2.209340728,2.285910307,2.364012523,2.441828148,2.475976061,2.465752247,2.452693676,2.437080709,2.419131404,2.39905759,2.376846805,2.352548892,2.338686621,2.3391975,2.346025836,2.35967628,2.381151897,2.410926186,2.444307781,2.472848484,2.505968409,2.544483716,2.569927993,2.585628183,2.601677266,2.612661169,2.631495167,2.676545991,2.734013671,2.791562344,2.849746501,2.908996028,2.969597516,3.031382749,3.093629019,3.155077818,3.201860647,3.235441609,3.27085426,3.30835404,3.347162169,3.38655594,3.426149078,3.465686144,3.505335355,3.54512786,3.584708538,3.623672423,3.661863758,3.698971033,3.735106392,3.774076506,3.81487831,3.849636787,3.88245766,3.91810706,,,Suriname,SUR,Population density (people per sq. km of land area),EN.POP.DNST,,
,,,,,,,,,,,,,,,,,,,,,,,,,,,,,,,,,110.7132017,111.1503326,111.4760707,111.7122869,111.9187318,112.0689397,112.183368,112.0316008,111.8267568,111.7861123,111.6893369,111.6898129,111.7007692,111.7059044,111.7385031,111.8343659,112.006779,112.1088769,112.2605224,112.4517343,112.5726377,112.7006864,112.8031488,112.9533694,113.1287854,113.2855865,113.4389975,113.5363353,113.2954867,112.9732113,112.8689684,,,Slovak Republic,SVK,Population density (people per sq. km of land area),EN.POP.DNST,,
,,,,,,,,,,,,,,,,,,,,,,,,,,,,,,,,99.13098312,98.89503476,98.7806852,98.8019861,98.74021847,98.60754717,98.39270109,98.46300894,98.75496524,98.91062562,99.03326713,99.09299901,99.15650447,99.32840119,99.64587885,100.2046673,100.3323704,101.2453712,101.6858266,101.8982925,102.1140492,102.2816783,102.3823237,102.4461092,102.5241783,102.6108719,102.9922926,103.7119346,104.4088814,104.6899644,104.8884607,105.3148079,,,Slovenia,SVN,Population density (people per sq. km of land area),EN.POP.DNST,,
,18.461245,18.56334651,18.66827122,18.8082674,18.98624907,19.16777815,19.31540432,19.42426186,19.56124581,19.74470203,19.88103296,19.93986837,19.97426718,20.03230964,20.11205144,20.18532935,20.25714655,20.31621028,20.36059338,20.40196671,20.42644751,20.43813309,20.44738826,20.46597717,20.49980888,20.54754054,20.61621786,20.71118774,20.84983123,21.01154147,21.15525445,21.27970095,21.40366137,21.55632019,21.66972431,21.7042385,21.71667039,21.72872912,21.7456683,21.78061456,21.83916765,21.91035639,21.99203515,22.07869992,22.16717889,22.29221704,22.45813998,22.63377962,22.82742144,23.02286274,23.19737801,23.36962,23.5684835,23.80349865,24.05826177,24.36244975,24.69294198,24.98145887,25.23788794,25.42094382,25.57407926,25.74872569,25.87136789,,,Sweden,SWE,Population density (people per sq. km of land area),EN.POP.DNST,,
,20.53860465,21.00959302,21.49761628,22.01488372,22.57767442,23.18406977,23.78087209,24.36901163,24.99273256,25.65209302,26.34784884,27.08069767,27.85104651,28.66209302,29.51587209,30.42616279,31.4155814,32.4677907,33.5580814,34.68860465,35.86093023,37.0727907,38.31145349,39.58040698,41.05790698,42.71697674,44.40761628,46.49988372,48.70930233,50.72255814,52.80168605,54.84976744,56.47197674,56.46581395,56.42052326,57.54889535,58.5252907,59.28215116,59.92918605,60.54732558,61.10837209,61.59540698,62.01744186,62.39296512,62.73383721,63.04860465,63.4130814,63.8425,64.2530814,64.63081395,64.9902907,65.34087209,65.69709302,66.06389535,66.44261628,66.83180233,67.3369186,67.96098837,68.59732558,69.3447093,70.15075581,70.86726744,71.54104651,,,Eswatini,SWZ,Population density (people per sq. km of land area),EN.POP.DNST,,
,,,,,,,,,,,,,,,,,,,,,,,,,,,,,,,,,,,,,,,,,,,,,,,,,,,1007.852941,1030.088235,1054.529412,1078.588235,1102.088235,1124.970588,1146.941176,1168,1187.794118,1206.117647,1222.676471,1239.382353,1257.323529,,,Sint Maarten (Dutch part),SXM,Population density (people per sq. km of land area),EN.POP.DNST,,
,93.23695652,95.74347826,98.20869565,100.7,103.2608696,105.8673913,108.5021739,111.1608696,113.8369565,116.5217391,118.9021739,121.8021739,123.6782609,125.95,128.8956522,131.5304348,134.3173913,135.1086957,136.273913,137.523913,139.2065217,140.0282609,139.8586957,140.6891304,141.8347826,142.7217391,148.9108696,149.4673913,150.3630435,151.1021739,153.1282609,153.8326087,157.0717391,161.3152174,163.7043478,166.123913,168.0847826,171.4043478,174.8043478,176.3717391,176.526087,182.0065217,179.9586957,179.2934783,180.126087,183.9130435,184.8543478,189.0347826,189.7782609,195.1521739,190.0891304,191.9630435,195.5413043,198.6065217,203.0847826,205.8195652,208.3543478,210.3521739,212.2282609,214.0478261,215.7782609,260.6043478,260.376087,,,Seychelles,SYC,Population density (people per sq. km of land area),EN.POP.DNST,,
,26.20233975,26.9851997,27.8075253,28.67062248,29.57485581,30.52044292,31.50613777,32.53206007,33.60085972,34.71873436,35.90213299,37.14236587,38.41724344,39.73315921,41.10547394,42.53629339,44.02275003,45.55859724,47.1319458,48.74122864,50.38735989,52.08679399,53.89492328,55.81890304,57.81734683,59.86964849,61.97041571,64.11069757,66.26977908,68.44709979,70.63239199,72.83475351,75.06630754,77.31299924,79.53423115,81.71783654,83.89129394,86.08343128,88.30156165,90.53154859,92.78124932,95.05023398,97.44156,99.8903688,102.4900093,106.937984,113.7231812,117.8205402,119.6741941,122.433268,124.5880194,123.9435985,117.9922507,110.4049393,105.7812885,104.5245004,104.6924141,106.6157218,110.8399172,114.6295758,117.7848881,122.3230028,128.4900234,,,Syrian Arab Republic,SYR,Population density (people per sq. km of land area),EN.POP.DNST,,
,5.917894737,5.932631579,5.944210526,5.954736842,5.955789474,5.951578947,5.954736842,5.953684211,5.949473684,5.965263158,6.056842105,6.226315789,6.410526316,6.603157895,6.803157895,7.010526316,7.225263158,7.455789474,7.690526316,7.962105263,8.324210526,8.733684211,9.154736842,9.586315789,10.02210526,10.46421053,10.90631579,11.34210526,11.78210526,12.30315789,12.95263158,13.65263158,14.36631579,15.09894737,15.84421053,16.59473684,17.34947368,18.11789474,18.90421053,19.71578947,20.60631579,21.68105263,22.87052632,24.05894737,25.25052632,26.44526316,27.65263158,28.87052632,30.09263158,31.30421053,32.46947368,33.81789474,35.42421053,36.89473684,38.53157895,40.33157895,42.01368421,43.74631579,45.43789474,46.72210526,47.62421053,48.26,48.62947368,,,Turks and Caicos Islands,TCA,Population density (people per sq. km of land area),EN.POP.DNST,,
,2.469799206,2.520315873,2.572146825,2.624983333,2.677952381,2.730875397,2.784533333,2.839865873,2.89770873,2.958593651,3.021679365,3.08988254,3.163419841,3.237818355,3.309429797,3.37618885,3.440015089,3.50330845,3.577973316,3.585969663,3.590342281,3.763090057,3.95420108,4.006627224,4.047227605,4.170162802,4.318860388,4.467600064,4.621653431,4.751296855,4.928268742,5.141880559,5.264569568,5.387110864,5.629815756,5.88477446,6.091459657,6.304669632,6.530102446,6.759921379,6.991839263,7.239669632,7.534810197,7.878046379,8.202106099,8.502560356,8.800555909,9.113958069,9.445484435,9.778093234,10.12944489,10.49158037,10.8728391,11.26800985,11.63248173,12.00337913,12.40689247,12.83079018,13.25065359,13.67906528,14.15841248,14.65638183,15.34233164,,,Chad,TCD,Population density (people per sq. km of land area),EN.POP.DNST,,
,55.91468541,56.65299637,58.11067758,59.54407912,61.01570158,62.69621519,64.32960131,66.0268514,67.83441791,69.69039373,71.57972339,73.35954571,75.07876286,76.70220047,78.16971178,79.52878158,80.80277574,82.08296026,83.3875399,84.67445916,86.00235721,87.47897368,88.97328122,90.4046978,91.87189971,93.4219765,95.06458384,96.73318194,98.36350385,99.96652553,101.5047885,102.963524,104.381571,105.7939443,107.1913939,108.5711897,109.9421434,111.2604766,112.4754693,113.2397329,114.318115,115.348227,116.2828564,117.2376099,118.1655271,119.0892343,120.0398846,120.9852077,121.9055576,122.8154386,123.7857987,124.8787767,125.9648078,126.9963228,127.9758479,128.9433563,129.9292061,130.7706449,131.4944772,132.0900221,132.3799936,132.689166,132.9250717,,,East Asia & Pacific (IDA & IBRD countries),TEA,Population density (people per sq. km of land area),EN.POP.DNST,,
,217.0503057,220.3062591,223.6126394,226.9452534,230.1305063,232.8512536,235.7243275,238.5499415,241.30185,243.8148481,246.3468749,249.04861,251.7182823,254.4028879,257.1063041,259.9680999,262.8529437,265.658437,268.3394111,271.1104979,273.7965353,276.5050807,279.2917364,282.2743459,285.2474524,288.177276,291.0984643,293.8925957,296.6960604,298.614665,300.075562,18.99795378,19.05819,19.10390768,19.13655751,19.15997834,19.17306002,19.17523127,19.16579616,19.15304493,19.1397286,19.12789671,19.13215518,19.14189483,19.15044839,19.08599305,19.08469081,19.13123371,19.19959488,19.27063556,19.35372543,19.44500391,19.54015915,19.64133547,19.73420639,19.83211443,19.92333972,20.00752879,20.09402615,20.13665956,20.14810466,20.05402049,19.95191378,,,Europe & Central Asia (IDA & IBRD countries),TEC,Population density (people per sq. km of land area),EN.POP.DNST,,
,31.30569958,31.8617209,32.45214194,33.08347123,33.74863026,34.44546792,35.16756757,35.91695165,37.56970031,39.51972789,40.81312741,41.99049458,43.10553411,44.20466998,45.29869461,46.39617577,47.50843905,48.6578599,49.90529509,51.32208126,52.94061408,54.45214194,55.76534289,57.10136054,58.73394006,60.60562603,62.46762272,64.37847031,66.31583012,68.28499724,70.2819636,72.30338297,71.4832506,71.78126494,75.57363486,78.89567935,81.61047987,83.68514433,85.78330575,87.95223387,90.16628057,92.42746828,94.76212539,97.10093767,99.52480235,102.4023534,105.6893363,109.1402464,112.7219342,116.3042471,119.5179629,122.3334804,125.0018018,127.553668,130.0147454,132.3935282,134.664203,137.1245817,140.097904,143.1890789,145.9124104,148.3474168,151.2015076,,,Togo,TGO,Population density (people per sq. km of land area),EN.POP.DNST,,
,54.12189317,55.74789094,57.4337372,59.1754409,60.97073147,62.80426511,64.66715144,66.55554033,68.45657969,70.37602615,72.30007829,74.25067823,76.23517195,78.20253088,80.13467674,82.00689777,83.86144571,85.71116287,87.5304547,89.35391572,91.16611208,92.96438959,94.78226037,96.59947934,98.39838909,100.1738809,101.9282135,103.6810174,105.402251,107.1430817,108.9029615,110.6477598,112.3689992,114.0379612,115.6770185,117.2856466,118.8603887,120.4224588,121.9421852,123.3295132,124.5887393,125.7931003,126.9709057,128.113776,129.2204193,130.2974946,131.3441132,132.3569261,133.3380571,134.2352502,135.0725362,135.9120319,136.712627,137.4393059,138.0743311,138.6988217,139.2867095,139.7092897,139.9954413,140.2287851,140.3968212,140.4124743,140.3480886,,,Thailand,THA,Population density (people per sq. km of land area),EN.POP.DNST,,
,,,,,,,,,,,,,,,,,,,,,,,,,,,,,,,,40.36438983,40.90449414,41.62166333,42.50202915,43.34469134,43.86845527,44.12972992,44.35817376,44.90379394,45.78005859,46.66811232,47.57484281,48.51776936,49.47642183,50.42559303,51.40380823,52.4321449,53.51693341,54.67377108,55.90729494,57.25981709,58.70765933,60.70894759,62.27999135,63.87802435,65.46542258,67.06054471,68.66464443,70.24504647,71.81286836,73.36423373,74.85985302,,,Tajikistan,TJK,Population density (people per sq. km of land area),EN.POP.DNST,,
,,,,,,,,,,,,,,,,,,,,,,,,,,,,,,,,8.39420552,8.580867363,8.760160024,8.918781521,9.073306663,9.228459558,9.385455281,9.559232226,9.751828996,9.949160513,10.14930947,10.35019045,10.55070542,10.7510842,10.95291852,11.15920669,11.37409614,11.6008597,11.84081885,12.09417786,12.36044943,12.63877812,12.9280595,13.22701253,13.53401783,13.84687294,14.16279871,14.47863299,14.78924946,15.09170089,15.38568085,15.67135105,,,Turkmenistan,TKM,Population density (people per sq. km of land area),EN.POP.DNST,,
,10.7575713,11.06266116,11.37505764,11.69369406,12.01720221,12.34463142,12.67542127,13.00912568,13.34584209,13.6843154,14.02628636,14.37432526,14.72812228,15.08676641,15.44928419,15.81634857,16.19050231,16.57277036,16.95996437,17.35122054,17.74310627,18.13617362,18.53548646,18.93900438,19.34272254,19.74539833,20.14787675,20.5516915,20.95569205,21.36113442,21.7645611,22.16622978,22.56631381,22.96293853,23.35881607,23.75165708,24.14169631,24.5673399,24.95486115,25.33093866,25.69510894,26.05016199,26.39683633,26.73667896,27.06965453,27.40186287,27.73289753,28.06269893,28.38833024,28.70798974,29.02677583,29.34569828,29.66126331,29.97632154,30.2810077,30.57759058,30.86676921,31.14270779,31.40274896,31.61020391,31.80143463,32.00294206,32.23174222,,,Latin America & the Caribbean (IDA & IBRD countries),TLA,Population density (people per sq. km of land area),EN.POP.DNST,,
,31.96308003,32.466308,32.99018157,33.53456624,34.09778077,34.6802959,35.28231338,35.90282448,36.54041695,37.1936113,37.85917956,38.53140551,39.19670477,39.73281775,40.22582381,40.86213853,41.58137189,42.28480161,42.9535306,43.70349697,44.41782112,44.99993275,45.57545393,46.18540686,46.85036987,47.55783457,48.31714862,49.14223268,50.09119032,51.13281775,52.33880296,53.75373235,55.24122394,56.79172831,58.38238063,60.00551446,61.6801614,63.38466711,56.13295225,50.1067922,54.62333557,59.12299933,61.65958305,62.4797579,63.77343645,65.67565568,67.57827841,69.43032952,71.20255548,72.94411567,74.66086079,76.32044385,77.92165434,79.48238063,81.04445192,82.60336247,84.17639543,85.80759919,87.48789509,89.17639543,90.79616678,92.08439812,93.09253531,,,Timor-Leste,TLS,Population density (people per sq. km of land area),EN.POP.DNST,,
,15.48505726,15.887899,16.30868059,16.7451769,17.19619086,17.66779189,18.16248719,18.67372874,19.20117522,19.74253643,20.28604492,20.8424755,21.42614693,22.03240195,22.6803204,23.36331201,24.06298232,24.78792619,25.54173807,26.33413527,27.16307555,28.01351223,28.89584078,29.82220767,30.7688516,31.73211947,32.7105353,33.69572191,34.70030355,35.7164179,36.7300177,37.75282938,38.7742417,39.76820485,40.74857375,41.72345466,42.7022281,43.70321915,44.7215631,45.72676644,46.73734975,47.75506514,48.81636494,49.93449411,51.08136126,52.25707195,53.40915257,54.57668417,55.80910166,57.0281146,58.23637955,59.41191167,60.55516009,61.6802232,62.74322559,63.77604008,64.89435589,66.0449358,67.2314095,68.41755606,69.59218525,70.77892125,72.01715312,,,"Middle East, North Africa, Afghanistan & Pakistan (IDA & IBRD)",TMN,Population density (people per sq. km of land area),EN.POP.DNST,,
,94.49583333,97.13888889,99.84027778,102.6097222,105.45,108.3361111,110.8527778,112.9902778,115.1180556,117.2236111,119.3,121.3277778,123.3402778,125.9486111,129.1902778,132.3958333,134.3402778,135.0055556,135.4777778,135.7902778,135.9847222,136.0833333,136.1083333,136.0972222,136.0888889,136.125,136.6333333,137.4569444,138.0597222,138.4722222,138.7430556,138.9194444,139.0319444,139.1194444,139.2013889,139.2708333,139.825,140.8166667,141.7305556,142.6069444,143.4555556,144.2694444,145.0888889,145.9319444,146.7652778,147.5736111,148.2305556,148.6388889,148.8930556,149.1666667,149.4027778,149.25,148.7194444,148.0680556,147.3541667,146.5611111,146.3277778,146.6208333,146.7625,146.8111111,146.5138889,145.8916667,145.2736111,,,Tonga,TON,Population density (people per sq. km of land area),EN.POP.DNST,,
,155.066292,158.8640553,162.7223122,166.6704141,170.5847672,174.4233601,178.3677404,182.4061207,186.4588821,190.7212372,194.8936939,199.1551477,203.8086263,208.6495765,213.6688447,218.7715403,223.9987038,229.233549,234.6301437,240.2703903,246.0118239,251.8849603,257.871977,263.9660161,270.1421042,276.4065802,282.7103251,289.0397111,295.4539746,301.9275741,308.4116409,314.9717752,321.5811901,328.8293867,335.460893,342.1739261,348.930003,355.7316977,362.5566361,369.3620226,376.2178031,382.9159987,389.4133458,396.0618713,402.3154007,408.3793055,414.2822533,419.9867449,425.758542,431.6121155,437.4085784,443.1377851,448.5469248,453.9764768,459.3250348,464.6220576,469.8232284,474.800737,479.6552272,484.3347994,488.4315721,492.3693839,496.7645623,,,South Asia (IDA & IBRD),TSA,Population density (people per sq. km of land area),EN.POP.DNST,,
,11.58032795,11.86754125,12.16585012,12.4763478,12.79904058,13.13145444,13.47568145,13.8346997,14.2082148,14.59577172,14.99400467,15.40136921,15.83172703,16.28489939,16.75109808,17.23034771,17.71671205,18.23972807,18.79657292,19.35562031,19.94360333,20.56830664,21.18677726,21.80254862,22.44320346,23.10080773,23.77867436,24.46404615,25.15963578,25.86990352,26.57985865,27.30696966,26.61084206,27.32792575,28.06228029,28.82425384,29.59163941,30.38851425,31.20900679,32.04916251,32.91758751,33.81492337,34.73963056,35.44829297,36.42978254,37.4393668,38.48166774,39.56164252,40.66967613,41.80593921,42.96726608,39.53482754,40.63250652,41.74932923,42.88562287,44.03328223,45.20317134,46.41237552,47.63347095,48.87058122,50.12283845,51.38286827,52.66398156,,,Sub-Saharan Africa (IDA & IBRD countries),TSS,Population density (people per sq. km of land area),EN.POP.DNST,,
,168.254191,171.5777778,174.8155945,177.9654971,180.9795322,183.8083821,186.4362573,188.8900585,191.1707602,193.2692008,195.4356725,197.8403509,200.3608187,202.8773879,205.3545809,207.8578947,210.4393762,213.1345029,215.9140351,218.6635478,221.2732943,223.7674464,226.2249513,228.6518519,231.4553606,234.5270955,237.302924,239.7795322,242.0272904,244.0951267,246.037232,247.8896686,249.6035088,251.1385965,252.4695906,253.5922027,254.5489279,255.4044834,256.2783626,257.2658869,258.3951267,259.6512671,260.9569201,262.2573099,252.3380117,253.0105263,254.0327485,255.0851852,255.3812865,256.8643275,258.8730994,260.2717349,261.317154,262.2500975,263.0929825,263.917154,264.4508772,264.9499025,265.8840156,266.4181287,266.5805068,266.2387914,266.5711501,,,Trinidad and Tobago,TTO,Population density (people per sq. km of land area),EN.POP.DNST,,
,27.78242791,28.12265705,28.49595134,28.89977472,29.36009912,29.94520469,30.64476056,31.41026648,32.21354918,33.02906797,33.8675206,34.73582003,35.641362,36.59033213,37.58536303,38.60063079,39.62365474,40.61141864,41.5577948,42.52185247,43.50079815,44.46860196,45.40293512,46.47299176,47.69505021,48.92057801,50.14152291,51.32878476,52.46949022,53.58206102,54.72339727,55.88640577,57.01538363,58.04871267,58.96793254,59.82512873,60.64154222,61.41649717,62.15218203,62.85359809,63.52778708,64.18328399,64.8277034,65.43616761,66.01101957,66.59635685,67.20971936,67.85939109,68.55484681,69.29698764,70.06974125,70.86539006,71.71318872,72.56879506,73.39253347,74.20619207,74.99033213,75.73065139,76.43589727,77.07297245,77.55292225,78.00807158,78.53006565,,,Tunisia,TUN,Population density (people per sq. km of land area),EN.POP.DNST,,
,37.83537284,38.87081715,39.92417265,40.98472253,42.026974,43.10860024,44.2425854,45.37463976,46.49997271,47.60529735,48.74889362,49.93337188,51.10187103,52.24618843,53.34137962,54.44172395,55.57644323,56.70946559,57.83354209,59.00083807,60.1863103,61.48681314,62.94896249,64.41285943,65.85906864,67.27618726,68.66113587,70.04615984,71.43266635,72.78254226,74.07440848,75.34804776,76.65913101,78.00350298,79.29070203,80.49469745,81.6664709,82.81171862,83.92594234,85.0096293,86.073994,87.11821914,88.13550667,89.12414667,90.08167171,91.01171862,91.15823448,92.3192677,93.60238816,95.03547159,96.44066499,97.67788028,98.94056105,100.2844016,101.6312761,103.0078895,104.3523485,105.7744683,107.2975846,108.3438535,109.3347687,110.4165807,110.8662149,,,Turkiye,TUR,Population density (people per sq. km of land area),EN.POP.DNST,,
,188.2666667,189.9666667,191.7,191.7333333,190.5,189.5333333,188.4,187.4666667,187.7,188.7666667,189.5,189.7333333,189.3666667,194.0666667,203.9,213.4666667,222.8666667,231.9,239.4666667,245.5333333,250.8666667,255.4666667,259.6333333,263.4,268.2,273.9,279.0333333,283.9333333,288.7333333,293.2666667,297.6,301.2666667,304.2,306.9,309.3333333,311.4,313.3333333,315.0333333,316.5333333,318.1333333,319.5333333,320.7666667,323.1666667,327.2,331.3333333,335.2,339.4,344.0333333,348.7,353.8,359.3333333,364.4666667,366.7,366.1333333,365.4333333,364.3333333,362.3,358.3666667,352.7,346.6333333,339.8,333.0666667,327.2,,,Tuvalu,TUV,Population density (people per sq. km of land area),EN.POP.DNST,,
,11.5013389,11.83986904,12.19183563,12.56245879,12.94956875,13.35229058,13.77298374,14.22677354,14.71743057,15.2321935,15.77269248,16.34602393,16.94524836,17.56788214,18.21896704,18.89389366,19.59012079,20.29415895,20.98897945,21.66377173,22.33540641,23.02841612,23.79755475,24.58688869,25.40267893,26.25757394,27.1284466,27.96306841,28.71840032,29.47641341,30.23305035,30.99750282,31.98542786,33.23815308,34.30062881,34.9353827,35.6492312,36.60020095,37.59350869,38.67705916,39.73616956,40.77817114,41.87125198,43.02288101,44.23354708,45.48984195,46.77750282,48.05907428,49.25940619,50.52888688,51.96361142,53.48189207,55.11868142,56.84298036,58.72766087,60.76316663,62.82782795,64.84211447,66.80389591,68.83359449,70.93069767,73.05466358,75.20614811,,,Tanzania,TZA,Population density (people per sq. km of land area),EN.POP.DNST,,
,39.34846604,40.49962965,41.70793754,42.97263901,44.28808868,45.65769481,47.08935489,48.58931985,50.12190581,51.65708923,53.14151444,54.4807367,55.77416546,57.17854962,58.68194785,60.24370152,61.85710925,63.52090986,65.072634,66.44182473,67.84671438,69.43411741,71.17702317,73.10783745,75.18983534,77.41143586,79.84670437,82.43072419,85.13436765,87.93302137,90.86582754,94.01447375,97.31825734,100.6396126,103.4265903,106.2586958,109.3841449,112.6860818,116.3969821,120.1148591,123.8460337,127.7857465,131.8859116,135.9016816,139.9493969,144.1069166,148.4081377,152.8429658,157.40529,161.5340215,166.3402304,171.2419609,176.2270197,181.50578,187.1705865,193.492679,200.3659884,207.2902005,214.4406393,221.7093158,228.9593557,235.9501247,242.6521095,,,Uganda,UGA,Population density (people per sq. km of land area),EN.POP.DNST,,
,,,,,,,,,,,,,,,,,,,,,,,,,,,,,,,,90.31444032,90.36010356,89.88693881,89.17845689,88.41996893,87.66183654,86.95905929,86.26296021,85.53837922,84.76198326,84.02195775,83.39685849,82.81752857,82.13185819,81.60503659,81.23659745,80.81746703,80.48009908,80.19057343,79.93484257,79.76602914,79.62226403,79.35987157,79.03622711,78.74610644,78.43266183,78.02710908,77.59312737,77.11428029,76.45605799,70.84702451,65.12398343,,,Ukraine,UKR,Population density (people per sq. km of land area),EN.POP.DNST,,
,30.6835386,31.19719017,32.00024888,32.79806342,33.61126073,34.51035246,35.39507305,36.30658275,37.26401725,38.23948091,39.23239886,40.18569225,41.11736042,42.01521439,42.86379292,43.68400925,44.47510541,45.27235336,46.07414918,46.8731237,47.70843685,48.60491298,49.49753374,50.36920901,51.25581312,52.17797337,53.13683333,54.09995943,55.04530673,55.96861716,56.84705329,52.15610443,52.87397989,53.56921727,54.25351701,54.93301002,55.60541332,56.30059759,56.93329474,57.47540551,58.05759171,58.60870601,59.13586021,59.67643936,60.2120858,60.60200016,61.10699588,61.63900241,62.18104566,62.71382622,63.26524002,63.87040023,64.479929,65.08692471,65.67041673,66.2281833,66.7966277,67.32066809,67.79392147,68.19094437,68.47062207,68.67352052,68.84362651,,,Upper middle income,UMC,Population density (people per sq. km of land area),EN.POP.DNST,,
,14.63857845,14.81715233,14.99123529,15.15929608,15.31921495,15.4704948,15.61122729,15.73880699,15.84946863,15.94564621,16.03509313,16.1218375,16.21033596,16.30638784,16.41138156,16.52035196,16.62359159,16.71646098,16.797526,16.86637527,16.93089933,17.00086847,17.0767798,17.1551137,17.23824134,17.32856245,17.4259856,17.52920238,17.63372757,17.73741858,17.839984,17.9391041,18.03419609,18.12840818,18.22328877,18.31975774,18.41700948,18.50805622,18.5922466,18.6619015,18.70786767,18.7342418,18.74749172,18.75870186,18.77368872,18.79502914,18.82729402,18.86742658,18.91264427,18.9611473,19.0082562,19.05725631,19.11402697,19.17685979,19.24361216,19.30798194,19.36029025,19.39512056,19.41038738,19.42045481,19.40746772,19.37443149,19.35825049,,,Uruguay,URY,Population density (people per sq. km of land area),EN.POP.DNST,,
,20.05587971,20.36672286,20.66195289,20.9509595,21.21452654,21.4609519,21.69591307,21.91362338,22.12882249,22.3881314,22.67298907,22.91701241,23.13679719,23.34915755,23.58051569,23.80565042,24.0462891,24.30243172,24.57211299,24.80903945,25.05371789,25.29370147,25.52604226,25.74801069,25.97718518,26.21836977,26.45376768,26.69506145,26.94836532,27.25451361,27.62114913,28.00689161,28.37865871,28.72880764,29.07295151,29.41316481,29.76942797,30.11848507,30.46634116,30.79730133,31.10362839,31.39354993,31.66453462,31.95894507,32.2548766,32.56739985,32.87861136,33.24368685,33.53639923,33.8213646,34.09042779,34.36368932,34.62465723,34.90137766,35.18097136,35.45845058,35.70499758,35.91499866,36.10047718,36.24826498,36.30533702,36.51262367,36.81421122,,,United States,USA,Population density (people per sq. km of land area),EN.POP.DNST,,
,,,,,,,,,,,,,,,,,,,,,,,,,,,,,,,,50.50561824,51.68771744,52.80510343,53.87303479,54.89417254,55.85086977,56.7346709,57.5364551,56.85560538,57.55826992,58.26872917,58.98741847,59.72047915,60.47272106,61.25741195,62.1032148,63.06618161,64.08911216,65.12050233,66.13722066,67.145257,68.20746967,69.3523563,69.78970949,71.00591705,72.21980172,73.47808719,74.82539297,76.22006581,77.71125126,79.2892237,80.90844661,,,Uzbekistan,UZB,Population density (people per sq. km of land area),EN.POP.DNST,,
,220.1794872,223.6820513,226.9820513,230.125641,233.1461538,236.0307692,238.7794872,241.3410256,243.7384615,246.0615385,248.3897436,250.7435897,253.0538462,255.2717949,257.4025641,259.4794872,261.5358974,263.525641,265.3282051,267.2128205,269.4179487,271.7153846,273.9435897,276.1205128,278.2205128,280.2076923,282.0538462,283.7384615,285.3128205,286.6974359,287.7487179,288.4846154,289.0641026,289.5333333,289.8641026,290.0487179,290.1051282,290.2051282,290.6820513,291.1410256,291.0282051,290.6333333,290.1051282,289.3205128,288.3333333,287.2153846,285.9769231,284.6871795,283.3538462,281.9461538,280.3820513,278.8102564,277.2692308,275.7307692,274.2564103,272.6897436,270.9307692,269.0410256,267.0948718,265.4512821,263.6948718,261.6564103,259.8025641,,,St. Vincent and the Grenadines,VCT,Population density (people per sq. km of land area),EN.POP.DNST,,
,9.586661754,9.927861232,10.27608526,10.63172383,10.99460348,11.36540332,11.74368006,12.12803129,12.5166147,12.91059464,13.31104586,13.71711354,14.1301933,14.55172723,14.98315515,15.42575137,15.87983901,16.34452015,16.81826654,17.29858625,17.7850428,18.27773255,18.77694575,19.28330707,19.79642197,20.32031744,20.85478488,21.39450145,21.9363086,22.47832889,23.02011904,23.55982994,24.09672921,24.63033615,25.16163596,25.69254918,26.22491355,26.75736863,27.28483986,27.80648263,28.32030157,28.8369945,29.355142,29.86320277,30.36767077,30.8652412,31.3467071,31.80510855,32.24114052,32.66606315,33.08793379,33.5058398,33.91213423,34.29973244,34.66240236,34.8797914,34.65259679,33.79354005,32.80777507,32.24769231,32.01386089,31.98573437,32.08531716,,,"Venezuela, RB",VEN,Population density (people per sq. km of land area),EN.POP.DNST,,
,53.56,53.8,54.09333333,54.45333333,55.04666667,56.08666667,57.64,60,63.55333333,66.22,67.3,68.23333333,69.11333333,69.96,70.70666667,71.39333333,72,72.57333333,73.1,74.2,76.52666667,79.47333333,82.46666667,85.46666667,88.46,91.50666667,94.62666667,97.86666667,101.2,104.6933333,107.9133333,110.62,113.26,116.04,118.9333333,121.9133333,125.04,128.2533333,131.5333333,134.94,138.64,142.8666667,147.56,152.54,157.7666667,163.2866667,169.1066667,175.2533333,181.4533333,184.5,191.4,202.3,211.3533333,219.7466667,229.9866667,225.8533333,217.9933333,231.0466667,242.6333333,247.5666667,252.06,255.46,259.9,,,British Virgin Islands,VGB,Population density (people per sq. km of land area),EN.POP.DNST,,
,98,100,113.7142857,116.5714286,124.2857143,132,140.2857143,159.1428571,172.2857143,181.36,202.6771429,218.0542857,240.3457143,256.9742857,269.9542857,274.76,266.2942857,274.0828571,274.8085714,284.6742857,285.2942857,285.9085714,286.7085714,287.4285714,287.8857143,288.12,288.2885714,288.4342857,288.6885714,297.0371429,299.4485714,302.0342857,304.5085714,306.6228571,308.0514286,308.8428571,309.5914286,310.1057143,310.2828571,310.4057143,310.14,310.0257143,310.0142857,309.9028571,309.8657143,309.6257143,309.5342857,309.7057143,309.7257143,309.5914286,309.4,309.1085714,308.6885714,308.2342857,307.7485714,307.1885714,306.5171429,305.7171429,304.7685714,303.6857143,302.4857143,301.18,299.7628571,,,Virgin Islands (U.S.),VIR,Population density (people per sq. km of land area),EN.POP.DNST,,
,102.6423515,105.3444345,108.295496,111.2217365,114.0731082,116.8233617,119.4970045,122.0762819,124.6800086,127.4239762,130.4165289,133.4270423,136.4400166,139.5236013,142.8090049,146.5019847,150.403613,154.3812467,157.8488156,161.2648653,165.0992073,169.0106885,173.0864881,177.2898307,181.4514179,185.4036929,189.2059695,193.0726843,197.0793204,201.2490461,205.5109988,209.7156195,213.7896218,217.6853083,221.3583827,224.7578943,228.0466036,231.3424683,234.3772528,248.0357841,250.6328104,253.6539172,256.5994034,259.0994646,259.203077,262.6892917,267.5771377,272.3080769,276.4402901,279.1472291,282.3901444,285.5586444,289.3641628,292.5592285,296.1974772,299.9489992,303.6887873,307.0466326,310.0344129,312.9231533,315.6539376,318.0326485,320.1751976,,,Viet Nam,VNM,Population density (people per sq. km of land area),EN.POP.DNST,,
,5.435931091,5.592616899,5.755455291,5.924446267,6.099917966,6.283018868,6.474241181,6.670549631,6.870795734,7.076784249,7.289745693,7.51123872,7.740935193,7.978671042,8.225512715,8.481378179,8.746349467,9.020754717,9.273174733,9.488105004,9.700492207,9.929040197,10.17210829,10.42731747,10.69368335,10.96964725,11.25406071,11.54684167,11.84520098,12.14626743,12.45225595,12.76521739,13.08146021,13.3973749,13.71099262,14.02059065,14.32534865,14.62780968,14.93420837,15.28146021,15.67112387,16.06751436,16.4680886,16.87538966,17.28958162,17.71312551,18.15225595,18.61328958,19.09196062,19.54454471,19.97325677,20.41698113,20.87629204,21.34864643,21.82945037,22.32050861,22.84716981,23.40106645,23.95283019,24.51665299,25.09171452,25.68055783,26.28457752,,,Vanuatu,VUT,Population density (people per sq. km of land area),EN.POP.DNST,,
,29.3883018,29.91225218,30.55217087,31.19684462,31.84674174,32.51902164,33.18964396,33.87710205,34.58828306,35.3156097,36.06425782,36.79190629,37.52711833,38.25867387,38.97634352,39.68345755,40.38586444,41.10042575,41.83566188,42.57983037,43.34090527,44.1335225,44.93331586,45.73115172,46.54376725,47.37821648,48.23525582,49.10010359,49.96879083,50.84760612,51.70299709,43.51949083,43.7904295,44.47192779,45.14723818,45.82523815,46.47558469,47.1582082,47.81922736,48.44081701,49.09546358,49.74439096,50.38779696,50.98147429,51.63255422,52.25219925,52.91540529,53.59710601,54.27331569,54.93689428,55.61008601,55.23106806,55.91618946,56.59551374,57.26688734,57.93198604,58.59285425,59.22546459,59.84775028,60.43238122,61.01385224,61.56279476,62.13543784,,,World,WLD,Population density (people per sq. km of land area),EN.POP.DNST,,
,40.81130742,41.90706714,43.02614841,44.13215548,45.22190813,46.3155477,47.2664311,48.06360424,48.84558304,49.61130742,50.35441696,51.07349823,51.77243816,52.8024735,54.18515901,55.51696113,56.44982332,57.0229682,57.55547703,58.06431095,58.5434629,58.82826855,58.90954064,58.9385159,58.95724382,59.03215548,59.24416961,59.48621908,59.63533569,59.73215548,59.84734982,60.18763251,60.6975265,61.1869258,61.68586572,62.21590106,62.73745583,63.21731449,63.70141343,64.19964664,64.7229682,65.18409894,65.5229682,65.81236749,66.06996466,66.32826855,66.69717314,67.17561837,67.67243816,68.20600707,68.80318021,69.43392226,70.05936396,70.6844523,71.30106007,71.90777385,73.89028777,74.66978417,75.46043165,76.23884892,76.89892086,77.43201439,77.93633094,,,Samoa,WSM,Population density (people per sq. km of land area),EN.POP.DNST,,
,,,,,,,,,,,,,,,,,,,,,,,,,,,,,,,,,,,,,,,,,,,,,,,,,,,,,,,,,,,,,,,,,,Kosovo,XKX,Population density (people per sq. km of land area),EN.POP.DNST,,
,10.71127526,10.9517984,11.19596757,11.45520768,11.7347444,12.03002822,12.34245128,12.67216698,13.02320018,13.38197057,13.7459742,14.12971949,14.53263632,14.95687823,15.40541697,15.87990416,16.38013902,16.90737353,17.47105707,18.07556869,18.7176582,19.3969468,20.11761843,20.88299903,21.694083,22.54112923,23.42919484,24.35689149,25.31237381,26.3042635,27.33147906,28.3908063,29.47878478,30.58724359,31.70645681,32.79197113,33.85407504,34.93761577,36.04261606,37.16904559,38.30927325,39.46263235,40.6393905,41.849285,43.16549236,44.59170597,46.05959051,47.56319677,49.10832812,50.67406671,52.2433036,53.85466409,55.5201091,57.25005019,59.01732864,60.81597439,62.67575999,64.55893706,66.50265735,68.44112923,70.34534159,72.39592401,74.60802508,,,"Yemen, Rep.",YEM,Population density (people per sq. km of land area),EN.POP.DNST,,
,13.93798894,14.35880438,14.80068585,15.25967653,15.73616137,16.23134887,16.74572043,17.27595397,17.81786677,18.36630753,18.91215244,19.462246,20.02676059,20.59954991,21.1780989,21.75885548,22.35526795,22.97398132,23.6043179,24.33360839,25.17623919,26.06182476,26.98835536,27.93921968,28.88663908,29.82508717,30.76951422,31.72118227,32.6674649,33.58882523,34.36504958,34.98793082,35.69162717,36.27442234,36.71743564,37.19676034,37.64505354,38.10424618,38.52173788,38.87569677,39.21127039,39.58437956,39.98083242,40.3856441,40.79667049,41.21563693,41.65279081,42.13586708,42.64194413,43.14935495,43.68612799,44.33518288,45.0739772,45.82911243,46.75954546,47.20140385,47.51103545,48.31710838,49.12074537,49.92406252,50.6991262,51.42108994,52.10856903,,,South Africa,ZAF,Population density (people per sq. km of land area),EN.POP.DNST,,
,4.37736047,4.517277607,4.662299735,4.811763677,4.966553222,5.127864244,5.295125035,5.468990705,5.645913989,5.81352722,5.976035459,6.146583893,6.326010573,6.514408319,6.712608456,6.919439325,7.132837407,7.351960613,7.575738172,7.805906725,8.048654138,8.311434106,8.583701691,8.852002314,9.121662923,9.398123461,9.673632952,9.942883278,10.20892936,10.47386836,10.73682724,10.99917943,11.26450584,11.53670213,11.81851114,12.11215244,12.42559491,12.75563029,13.10214692,13.47560634,13.88932458,14.32350314,14.77501043,15.25201846,15.76402561,16.31654044,16.90241327,17.51614092,18.14712197,18.78636247,19.42156338,20.06164866,20.71456032,21.38220181,22.05987301,22.75309461,23.46187062,24.17784608,24.90461131,25.6384872,26.37055516,27.10950914,27.87764834,,,Zambia,ZMB,Population density (people per sq. km of land area),EN.POP.DNST,,
,10.16001292,10.484578,10.8204136,11.16713455,11.52504071,11.89405971,12.27428461,12.66754556,13.07530309,13.48305028,13.89352979,14.32711645,14.78713713,15.27291715,15.76491663,16.2520486,16.67186765,16.91501874,17.18380768,18.20163629,19.38383094,20.15379604,20.93422257,21.69183921,22.4552488,23.21979579,24.00063074,24.77211839,25.50031795,26.2046814,26.89625436,27.66627892,28.07364095,28.10688381,28.36913274,28.84415148,29.39078971,29.97104045,30.46001809,30.7407393,30.94713972,31.24635647,31.62032571,31.96560941,32.26943777,32.6649735,33.09824997,33.4991573,33.97386584,34.52642626,35.14391625,35.71897893,36.22543105,36.72575675,37.22117875,37.74148636,38.28998837,38.86377666,39.47620008,40.13671449,40.83549179,41.53820861,42.24071862,,,Zimbabwe,ZWE,Population density (people per sq. km of land area),EN.POP.DNST,,
